pattern,side,is_n,is_hit,is_lift,is_z,is_base,oos_n,oos_hit,oos_lift,oos_z,oos_base,sym
big_bar_dn,UP,330,0.3181818181818182,1.219711782630777,2.3711439163362757,0.26086639705614456,138,0.37681159420289856,1.4361846752352456,3.055959598854169,0.2623698753373602,EURUSD
big_bar_dn,UP,291,0.32646048109965636,1.274254365903147,2.745733619778725,0.25619726314869057,134,0.373134328358209,1.4084746069531062,2.8386281857314204,0.26492087717888985,GBPUSD
capitulation,UP,260,0.36538461538461536,1.3113692738205645,3.1202939556357827,0.2786283182616426,126,0.373015873015873,1.3630099844586814,2.501215973711351,0.2736706827309237,AUDUSD
london_open,UP,17188,0.3276122876425413,1.2787501459467316,21.447967009269817,0.25619726314869057,7788,0.3500256805341551,1.3212461179410848,17.01930838298559,0.26492087717888985,GBPUSD
capitulation,DOWN,283,0.3392226148409894,1.256395313407907,2.6231319652913805,0.2699967209531096,66,0.36363636363636365,1.3020959712170022,1.5277164744864256,0.27927001670736407,EURUSD
squeeze_break_up,DOWN,1384,0.32442196531791906,1.2015774272097974,4.560650400272896,0.2699967209531096,633,0.36018957345971564,1.289753829309732,4.537920674389339,0.27927001670736407,EURUSD
london_open,UP,17188,0.32185245520130323,1.2337827287584036,18.208438035930765,0.26086639705614456,7788,0.3364149974319466,1.282216554013214,14.853647666011884,0.2623698753373602,EURUSD
squeeze_break_dn,UP,1119,0.32797140303842715,1.2572389803345965,5.112100924994066,0.26086639705614456,483,0.3333333333333333,1.2704710588619479,3.545128883588041,0.2623698753373602,EURUSD
capitulation,UP,283,0.31802120141342755,1.2190960775411097,2.1896536064795478,0.26086639705614456,66,0.3333333333333333,1.2704710588619479,1.3104801017433434,0.2623698753373602,EURUSD
squeeze_break_dn,UP,1159,0.3546160483175151,1.2727207719946008,5.770228581278413,0.2786283182616426,491,0.34623217922606925,1.2651416504357131,3.6063348780471607,0.2736706827309237,AUDUSD
sweep_low_vol,DOWN,1050,0.3019047619047619,1.1097280296305367,2.1736470836573725,0.27205292994651625,233,0.3562231759656652,1.2556266825971363,2.4556583366774465,0.28370150212868506,GBPUSD
ny_open,UP,17194,0.31342328719320695,1.2233670389027684,17.18960531739471,0.25619726314869057,7783,0.3314917127071823,1.2512857281660743,13.308600442066233,0.26492087717888985,GBPUSD
capitulation,DOWN,245,0.34285714285714286,1.2602589610946158,2.49037952220776,0.27205292994651625,62,0.3548387096774194,1.2507466721711857,1.2425527077427585,0.28370150212868506,GBPUSD
squeeze_break_dn,UP,1020,0.3352941176470588,1.3087341899217024,5.786862585899443,0.25619726314869057,507,0.32938856015779094,1.2433469331122922,3.289431938602919,0.26492087717888985,GBPUSD
ny_open,UP,17195,0.3059028787438209,1.1726419431398956,13.449155102523093,0.26086639705614456,7787,0.32579940927186335,1.2417561614226642,12.72331562382084,0.2623698753373602,EURUSD
sweep_low_vol,UP,1076,0.3104089219330855,1.1110518196609092,2.2681902790071113,0.2793829382573908,367,0.34877384196185285,1.2371435447184767,2.8465539719292203,0.28191865321596093,USDJPY
ny_open,UP,17194,0.32272885890426894,1.1582773097787364,12.89852955819865,0.2786283182616426,7787,0.33594452292282007,1.2275502789355217,12.325649402796003,0.2736706827309237,AUDUSD
asia_session,UP,39961,0.3250669402667601,1.1666687086755836,20.70643466731884,0.2786283182616426,18179,0.3335717036140602,1.2188799336684224,18.114998147699538,0.2736706827309237,AUDUSD
london_open,UP,17187,0.3284459184267179,1.1787958972579904,14.567689276543481,0.2786283182616426,7788,0.32794042116076016,1.1983030768523901,10.742114442320995,0.2736706827309237,AUDUSD
sweep_low_vol,UP,1036,0.3137065637065637,1.1258961962795946,2.518404975149055,0.2786283182616426,364,0.3269230769230769,1.1945856737767984,2.278814137179984,0.2736706827309237,AUDUSD
breakdown_24h_lo,UP,2942,0.2851801495581237,1.0932038498494165,3.0033281194271217,0.26086639705614456,1347,0.3110616184112843,1.1855843511428867,4.0622141320500855,0.2623698753373602,EURUSD
sweep_low_vol,UP,1312,0.3117378048780488,1.1950094316323752,4.196334799826814,0.26086639705614456,370,0.3108108108108108,1.1846284197496542,2.1180542355665137,0.2623698753373602,EURUSD
big_bar_dn,UP,276,0.3333333333333333,1.196336881380164,2.0271669237249412,0.2786283182616426,142,0.323943661971831,1.1836988117954026,1.3436862409499069,0.2736706827309237,AUDUSD
squeeze_break_up,DOWN,1364,0.33944281524926684,1.147669463773501,3.5343911452988164,0.29576705311404694,614,0.36482084690553745,1.1730422375965757,2.8807857575165166,0.31100401606425704,AUDUSD
sweep_low_vol,DOWN,1312,0.3239329268292683,1.1997661515508766,4.400536829294458,0.2699967209531096,370,0.327027027027027,1.1710065795201552,2.0475737018084783,0.27927001670736407,EURUSD
trade_burst,DOWN,1547,0.34130575307045896,1.2545564318588935,6.120769632035748,0.27205292994651625,235,0.33191489361702126,1.169944082518347,1.6395466401439367,0.28370150212868506,GBPUSD
vol_spike_3x,DOWN,1547,0.34130575307045896,1.2545564318588935,6.120769632035748,0.27205292994651625,235,0.33191489361702126,1.169944082518347,1.6395466401439367,0.28370150212868506,GBPUSD
big_bar_up,UP,315,0.3333333333333333,1.2777932960893854,2.92903549249902,0.26086639705614456,141,0.3049645390070922,1.1623458623630587,1.149710354674683,0.2623698753373602,EURUSD
vol_spike_3x,DOWN,1709,0.30836746635459333,1.14211559779701,3.5729720346628757,0.2699967209531096,330,0.3242424242424242,1.1610355743351601,1.8209778248234667,0.27927001670736407,EURUSD
trade_burst,DOWN,1709,0.30836746635459333,1.14211559779701,3.5729720346628757,0.2699967209531096,330,0.3242424242424242,1.1610355743351601,1.8209778248234667,0.27927001670736407,EURUSD
sweep_low_vol,DOWN,1036,0.32625482625482627,1.1030803560429814,2.1501685989696533,0.29576705311404694,364,0.3598901098901099,1.1571879824720734,2.014859117720312,0.31100401606425704,AUDUSD
asia_session,UP,39958,0.31177736623454627,1.1159499151208405,14.43178254266942,0.2793829382573908,18179,0.3259255184553606,1.1560977421585816,13.187324696678594,0.28191865321596093,USDJPY
london_open,DOWN,17188,0.33465208284849896,1.2394672115540917,19.093061396248068,0.2699967209531096,7788,0.32152028762198254,1.1512882457370668,8.310822734805091,0.27927001670736407,EURUSD
ny_open,DOWN,17195,0.3412038383250945,1.2637332672804995,21.032110005540407,0.2699967209531096,7787,0.31925003210479,1.1431589966900007,7.863748114557243,0.27927001670736407,EURUSD
london_open,DOWN,17188,0.34407726320688853,1.2647438249407266,21.218531031866657,0.27205292994651625,7788,0.32421674370826914,1.1428094009921972,7.931467817437704,0.28370150212868506,GBPUSD
sweep_low_20,UP,7611,0.2769675469714886,1.0617218242634705,3.1989482259059714,0.26086639705614456,3468,0.29873125720876587,1.1385882499835451,4.867473740100498,0.2623698753373602,EURUSD
london_open,UP,17188,0.3305212939259949,1.1830403674167502,14.941948023963334,0.2793829382573908,7788,0.3208782742681048,1.1381945487030234,7.641506144764736,0.28191865321596093,USDJPY
squeeze_10pct,DOWN,15156,0.32719714964370544,1.1363176526067402,10.671919728836949,0.28794514359000517,6887,0.3313489182517787,1.1380487094626057,7.342335053079139,0.2911553042472531,USDJPY
trade_burst,UP,1800,0.31222222222222223,1.1175421955601925,3.105115228423375,0.2793829382573908,312,0.32051282051282054,1.1368982394623421,1.5151312068450673,0.28191865321596093,USDJPY
vol_spike_3x,UP,1800,0.31222222222222223,1.1175421955601925,3.105115228423375,0.2793829382573908,312,0.32051282051282054,1.1368982394623421,1.5151312068450673,0.28191865321596093,USDJPY
squeeze_break_dn,UP,1151,0.34317984361424847,1.228349324961579,4.823753024729917,0.2793829382573908,510,0.3196078431372549,1.1336881738450364,1.8917039134556912,0.28191865321596093,USDJPY
squeeze_break_up,DOWN,1338,0.32884902840059793,1.2087685600932414,4.668420367328447,0.27205292994651625,582,0.32130584192439865,1.1325489626017438,2.012433892118678,0.28370150212868506,GBPUSD
sweep_low_20,UP,7469,0.2898647744008569,1.040327760686058,2.166049708460849,0.2786283182616426,3366,0.3092691622103387,1.1300777968768245,4.632416280024532,0.2736706827309237,AUDUSD
ny_open,DOWN,17194,0.334186344073514,1.2283872264827758,18.307838566550682,0.27205292994651625,7783,0.31825774123088785,1.1218049211686172,6.7627315416954525,0.28370150212868506,GBPUSD
squeeze_10pct,DOWN,14035,0.29497684360527254,1.0925200964070272,6.665905070639162,0.2699967209531096,6573,0.3123383538719002,1.1184099086411667,5.975795444340348,0.27927001670736407,EURUSD
big_bar_up,DOWN,315,0.3238095238095238,1.1993090977788574,2.15129139236953,0.2699967209531096,141,0.3120567375886525,1.1174015072145906,0.8677789068082326,0.27927001670736407,EURUSD
squeeze_10pct,UP,14143,0.29625963374107334,1.1563731403685276,10.914184364088523,0.25619726314869057,6359,0.2937568800125806,1.1088476043895137,5.210799174016099,0.26492087717888985,GBPUSD
consec_dn_5,UP,2750,0.29963636363636365,1.072493422487789,2.36707828112139,0.2793829382573908,1350,0.3125925925925926,1.1088042207449615,2.504884529076332,0.28191865321596093,USDJPY
consec_dn_5,UP,3191,0.2764023816985271,1.0788654738208892,2.614620584504768,0.25619726314869057,1582,0.2920353982300885,1.1023495065392275,2.4438809196440263,0.26492087717888985,GBPUSD
consec_dn_5,UP,3032,0.2770448548812665,1.062018174850017,2.028762347940005,0.26086639705614456,1541,0.28877352368591824,1.1006352132256332,2.3560741397704446,0.2623698753373602,EURUSD
