exit,sym,pnl,net,equity,year
2020-01-24 11:45:00,BNBUSDT,39.0948587036786,0.011169959629622457,10039.094858703678,2020
2020-02-23 04:00:00,XRPUSDT,37.07468784495974,0.010551516949278632,10076.16954654864,2020
2020-02-27 17:45:00,DOGEUSDT,-96.7735967632374,-0.02744058538066326,9979.395949785401,2020
2020-02-28 22:45:00,DOGEUSDT,46.185714712355406,0.013223163561846819,10025.581664497757,2020
2020-03-01 03:30:00,BNBUSDT,-38.13866907173509,-0.010868957988254739,9987.442995426021,2020
2020-03-10 12:45:00,BNBUSDT,47.90250125514682,0.013703636592779518,10035.345496681168,2020
2020-03-11 23:00:00,DOGEUSDT,50.484922316117135,0.014373459811284945,10085.830418997286,2020
2020-03-13 13:30:00,BTCUSDT,439.4395594115783,0.12448569390517467,10525.269978408864,2020
2020-03-13 03:15:00,ETHUSDT,482.65824506920774,0.1367288066576172,11007.928223478071,2020
2020-03-15 09:00:00,BNBUSDT,-164.50989292347865,-0.04269906706814836,10843.418330554592,2020
2020-03-15 12:15:00,BTCUSDT,65.11640588386521,0.01715758520813106,10908.534736438458,2020
2020-03-15 10:30:00,XRPUSDT,64.01349275606592,0.016866977553876734,10972.548229194525,2020
2020-03-15 21:45:00,BNBUSDT,90.98547682958905,0.023691716800636062,11063.533706024113,2020
2020-03-15 21:30:00,XRPUSDT,78.31106748295889,0.020391426168339853,11141.844773507071,2020
2020-03-15 21:30:00,DOGEUSDT,82.06101276488653,0.021367874770172303,11223.905786271958,2020
2020-03-15 21:30:00,ETHUSDT,85.62418163246672,0.02229568864404651,11309.529967904426,2020
2020-03-15 21:30:00,BTCUSDT,100.81452536996683,0.026251103667118976,11410.344493274391,2020
2020-03-15 22:15:00,DOGEUSDT,-232.06324902689863,-0.05810848697455038,11178.281244247493,2020
2020-03-19 09:45:00,ETHUSDT,68.51141367670702,0.017511359031147762,11246.7926579242,2020
2020-03-19 12:00:00,DOGEUSDT,55.10704855020579,0.014085234277359998,11301.899706474405,2020
2020-03-19 12:00:00,BNBUSDT,67.96779465110593,0.01737241126430727,11369.86750112551,2020
2020-03-23 12:15:00,ETHUSDT,80.21505528039226,0.020157303698306504,11450.082556405903,2020
2020-03-23 12:15:00,XRPUSDT,61.34167102842668,0.015414596274470827,11511.42422743433,2020
2020-03-23 12:15:00,BNBUSDT,91.81683226012174,0.02307272326889668,11603.241059694452,2020
2020-03-29 10:00:00,DOGEUSDT,-88.26040725898224,-0.021732944344703735,11514.98065243547,2020
2020-03-30 07:00:00,BNBUSDT,49.8965767632433,0.012380537336363519,11564.877229198713,2020
2020-03-30 07:15:00,DOGEUSDT,43.03506410411302,0.010678031489852783,11607.912293302827,2020
2020-03-30 07:00:00,ETHUSDT,42.561631372605696,0.010560561475096163,11650.473924675432,2020
2020-03-30 07:00:00,BTCUSDT,51.14778946409464,0.012690993214571853,11701.621714139526,2020
2020-04-10 15:30:00,DOGEUSDT,-101.13985115417748,-0.024694953430982564,11600.481862985349,2020
2020-04-16 07:15:00,XRPUSDT,52.3909391202052,0.012903636181176592,11652.872802105554,2020
2020-05-21 21:30:00,ETHUSDT,69.32773137691387,0.016998317571069458,11722.200533482468,2020
2020-05-22 10:00:00,XRPUSDT,44.901105042138724,0.010944094599178071,11767.101638524608,2020
2020-06-12 06:00:00,DOGEUSDT,67.00438722474425,0.01626918099607879,11834.106025749352,2020
2020-06-12 07:30:00,XRPUSDT,77.25795971328922,0.018758827324953025,11911.36398546264,2020
2020-06-26 14:15:00,XRPUSDT,-88.85592294376607,-0.021313601520653792,11822.508062518875,2020
2020-08-12 08:15:00,BNBUSDT,60.87643746188976,0.014711994911973399,11883.384499980764,2020
2020-08-14 09:30:00,BNBUSDT,47.90210131403939,0.011517185748871684,11931.286601294803,2020
2020-08-18 13:45:00,SOLUSDT,-314.2369210706246,-0.0752492002321079,11617.04968022418,2020
2020-08-18 15:00:00,SOLUSDT,232.4602823988677,0.05717219549779178,11849.509962623046,2020
2020-09-04 14:30:00,SOLUSDT,-388.4384796734841,-0.09365992611840057,11461.071482949563,2020
2020-09-05 06:15:00,XRPUSDT,-135.7394707911846,-0.033838638907396065,11325.332012158378,2020
2020-09-06 08:30:00,BNBUSDT,138.39253476062393,0.03491352321933869,11463.724546919002,2020
2020-09-09 14:30:00,SOLUSDT,119.05377648044612,0.029672175539005675,11582.778323399449,2020
2020-10-07 21:45:00,SOLUSDT,-230.71294364931663,-0.056910338831778984,11352.06537975013,2020
2020-10-15 09:00:00,SOLUSDT,-127.40508733310553,-0.0320659301246428,11224.660292417026,2020
2020-10-18 21:45:00,SOLUSDT,-87.3691829688306,-0.02223909058721716,11137.291109448195,2020
2020-10-21 15:00:00,SOLUSDT,55.357406187893474,0.014201300489085624,11192.648515636089,2020
2020-10-21 16:15:00,SOLUSDT,-209.04246221045264,-0.05336218473311071,10983.606053425636,2020
2020-10-23 06:45:00,SOLUSDT,-113.12684379007366,-0.02942745325294301,10870.479209635563,2020
2020-10-28 21:00:00,SOLUSDT,-282.04595639197055,-0.07413156072982001,10588.433253243591,2020
2020-11-05 14:15:00,SOLUSDT,77.24664914250012,0.02084394419430329,10665.679902386091,2020
2020-11-29 06:15:00,BNBUSDT,-62.32355364602645,-0.016695353485310156,10603.356348740066,2020
2020-12-11 00:45:00,SOLUSDT,-168.26233053853431,-0.04533937180009124,10435.094018201531,2020
2020-12-13 12:30:00,SOLUSDT,58.538308679855284,0.016027868097991307,10493.632326881387,2020
2020-12-16 14:00:00,XRPUSDT,98.70569056959332,0.026874989516054385,10592.33801745098,2020
2020-12-24 23:15:00,XRPUSDT,214.46489976612347,0.057849065566555335,10806.802917217103,2020
2020-12-24 23:30:00,XRPUSDT,252.06318739987236,0.06664140550586287,11058.866104616976,2020
2020-12-25 14:45:00,SOLUSDT,-187.06402231950054,-0.04832942456690358,10871.802082297476,2020
2020-12-25 21:00:00,SOLUSDT,87.73776224297976,0.023057752412767734,10959.539844540455,2020
2020-12-26 22:00:00,SOLUSDT,-171.7871920130147,-0.044784777059149794,10787.75265252744,2020
2020-12-27 08:15:00,XRPUSDT,-289.87629143742726,-0.07557050636100265,10497.876361090013,2020
2020-12-28 08:30:00,SOLUSDT,66.16630559542482,0.018008079054559416,10564.042666685438,2020
2020-12-28 10:15:00,XRPUSDT,90.4659127109714,0.0244673411943119,10654.50857939641,2020
2020-12-29 17:45:00,XRPUSDT,304.8764578222851,0.08175652469438482,10959.385037218693,2020
2021-01-01 06:30:00,XRPUSDT,-250.0452212921002,-0.06518750053504238,10709.339815926594,2021
2021-01-06 00:45:00,XRPUSDT,83.87585491273826,0.0223772243546038,10793.215670839332,2021
2021-01-18 10:00:00,XRPUSDT,47.401971481824766,0.012548086535479471,10840.617642321156,2021
2021-01-20 19:30:00,SOLUSDT,100.83063652870773,0.026574826494616653,10941.448278849864,2021
2021-01-23 10:00:00,XRPUSDT,-162.14583767109715,-0.042341179166650374,10779.302441178768,2021
2021-02-15 01:30:00,DOGEUSDT,-385.97434329501124,-0.10230567738529395,10393.328097883756,2021
2021-02-28 20:45:00,SOLUSDT,131.49859404763325,0.036149178123610286,10524.82669193139,2021
2021-03-17 18:30:00,SOLUSDT,62.68122174017684,0.01701588161154505,10587.507913671567,2021
2021-04-22 13:00:00,DOGEUSDT,192.63121104177893,0.05198342170588626,10780.139124713345,2021
2021-05-13 23:00:00,DOGEUSDT,252.6473951068635,0.06696107461642052,11032.786519820209,2021
2021-05-15 14:30:00,XRPUSDT,88.0522934497406,0.022802759831618037,11120.83881326995,2021
2021-05-16 15:30:00,BTCUSDT,-132.9552527247751,-0.0341585879465254,10987.883560545175,2021
2021-05-21 02:30:00,DOGEUSDT,-88.78939517986709,-0.023087611443127175,10899.094165365306,2021
2021-05-21 14:15:00,BTCUSDT,-259.4125805195173,-0.06745419146465373,10639.68158484579,2021
2021-05-25 00:15:00,DOGEUSDT,162.78935713068677,0.04371488425060426,10802.470941976477,2021
2021-05-25 00:00:00,XRPUSDT,158.97111385779277,0.04268954656479222,10961.44205583427,2021
2021-06-20 20:45:00,ETHUSDT,62.761592906353066,0.016359055310596782,11024.203648740622,2021
2021-06-27 22:15:00,XRPUSDT,61.1022017015141,0.01583585760111811,11085.305850442137,2021
2021-06-27 22:15:00,ETHUSDT,57.22568339840359,0.014831180353380491,11142.53153384054,2021
2021-06-27 23:30:00,ETHUSDT,70.22170013491844,0.018006090298921217,11212.753233975458,2021
2021-07-05 18:15:00,BTCUSDT,41.925111585615134,0.0106830169720312,11254.678345561075,2021
2021-07-06 09:30:00,DOGEUSDT,-116.30259467166124,-0.029524888888928284,11138.375750889412,2021
2021-07-07 05:00:00,DOGEUSDT,47.609757954025014,0.012212541838317938,11185.985508843438,2021
2021-07-09 08:30:00,DOGEUSDT,100.46337247198721,0.02566052019608764,11286.448881315426,2021
2021-07-10 17:00:00,ETHUSDT,-101.6648658126516,-0.02573626551925254,11184.784015502773,2021
2021-07-13 12:30:00,XRPUSDT,-96.8818585967944,-0.024748382256902495,11087.902156905979,2021
2021-07-14 09:15:00,ETHUSDT,63.98071732988688,0.016486621808806844,11151.882874235866,2021
2021-07-15 01:00:00,BTCUSDT,40.87991211907135,0.010473545160833268,11192.762786354937,2021
2021-07-14 14:00:00,ETHUSDT,56.95877800437067,0.014592994524964861,11249.721564359308,2021
2021-07-14 14:00:00,SOLUSDT,89.00183374142898,0.02280251294016251,11338.723398100738,2021
2021-07-18 00:30:00,BNBUSDT,-1.801862006210067,-0.00045403498964111994,11336.921536094527,2021
2021-07-18 00:45:00,ETHUSDT,45.69605986958216,0.011516368940216367,11382.61759596411,2021
2021-07-20 22:45:00,DOGEUSDT,-239.948808569782,-0.060229382099963605,11142.668787394327,2021
2021-07-21 09:45:00,BNBUSDT,63.834471003458475,0.016368089759013122,11206.503258397785,2021
2021-07-21 09:45:00,BTCUSDT,36.681113776410974,0.009405572777760446,11243.184372174197,2021
2021-07-21 11:30:00,XRPUSDT,51.023889169554394,0.013083269660618879,11294.20826134375,2021
2021-08-27 04:15:00,BTCUSDT,-63.49025083772877,-0.016061392926505377,11230.718010506022,2021
2021-08-27 04:15:00,ETHUSDT,-61.99259890751085,-0.015682525686244373,11168.72541159851,2021
2021-08-30 02:15:00,DOGEUSDT,46.16116523519951,0.011808781993348784,11214.886576833711,2021
2021-09-09 16:45:00,BTCUSDT,46.47767096638581,0.01184081040039699,11261.364247800097,2021
2021-09-10 01:30:00,XRPUSDT,92.24465394484002,0.02340357245611694,11353.608901744936,2021
2021-09-12 12:30:00,ETHUSDT,47.518525391014705,0.011958066952793585,11401.12742713595,2021
2021-09-13 02:15:00,DOGEUSDT,-143.96437643137955,-0.036077729367793764,11257.163050704572,2021
2021-09-13 14:00:00,ETHUSDT,-172.66160386389265,-0.04382266348639894,11084.501446840679,2021
2021-09-13 14:00:00,BNBUSDT,-149.15203180587392,-0.037855777728636957,10935.349415034805,2021
2021-09-13 14:00:00,XRPUSDT,-161.003800703298,-0.04086383550458467,10774.345614331507,2021
2021-09-13 14:00:00,BTCUSDT,-123.82780857750684,-0.03142832143403424,10650.517805754,2021
2021-09-13 14:00:00,DOGEUSDT,-155.88105593775157,-0.03956364881012874,10494.636749816249,2021
2021-09-18 07:00:00,SOLUSDT,89.09734640072992,0.024256565799067372,10583.734096216978,2021
2021-09-22 18:00:00,XRPUSDT,78.69984461834797,0.021245497748279395,10662.433940835326,2021
2021-09-22 20:45:00,DOGEUSDT,87.00973610797496,0.023488803078645402,10749.443676943301,2021
2021-09-23 10:00:00,BNBUSDT,-35.36131937394533,-0.009475542041248048,10714.082357569356,2021
2021-09-26 00:45:00,BTCUSDT,-8.724513007267383,-0.0023265809603519837,10705.357844562088,2021
2021-09-25 10:00:00,ETHUSDT,74.32533221122787,0.019820464781293335,10779.683176773317,2021
2021-10-10 12:15:00,SOLUSDT,-87.98498666564068,-0.023320321392116476,10691.698190107676,2021
2021-10-12 13:30:00,BNBUSDT,72.74294466334393,0.01943909948231696,10764.44113477102,2021
2021-10-28 08:30:00,BNBUSDT,56.74550678246349,0.015061629057058889,10821.186641553482,2021
2021-11-18 07:30:00,XRPUSDT,-140.35121918230382,-0.03705725597950164,10680.83542237118,2021
2021-11-19 08:45:00,SOLUSDT,144.55292152972686,0.03866816881783785,10825.388343900906,2021
2021-11-19 08:45:00,BNBUSDT,66.65678433280425,0.017830810765765325,10892.04512823371,2021
2021-11-19 14:45:00,BTCUSDT,43.90037704549443,0.011743430522176038,10935.945505279205,2021
2021-11-20 22:45:00,DOGEUSDT,46.901706773523905,0.012253615970479487,10982.84721205273,2021
2021-11-21 10:15:00,SOLUSDT,-63.364062412556606,-0.01655459770114941,10919.483149640171,2021
2021-11-21 10:15:00,BTCUSDT,-41.07642232174712,-0.010731692707951811,10878.406727318425,2021
2021-11-21 10:15:00,XRPUSDT,-62.76968253699217,-0.016399309050974756,10815.637044781433,2021
2021-11-22 18:30:00,BNBUSDT,-116.45853483533854,-0.0307645929297024,10699.178509946094,2021
2021-11-22 18:30:00,BTCUSDT,-128.80068962856623,-0.034024992595780006,10570.377820317528,2021
2021-11-22 19:00:00,ETHUSDT,-137.1509102460697,-0.03623085186177475,10433.226910071458,2021
2021-11-28 22:00:00,BTCUSDT,38.70500786892713,0.010599380011721213,10471.931917940385,2021
2021-12-08 14:45:00,BTCUSDT,50.18060514603003,0.01369118503477479,10522.112523086416,2021
2021-12-11 16:00:00,BTCUSDT,66.053039454684,0.01793584410511211,10588.1655625411,2021
2021-12-12 18:00:00,DOGEUSDT,42.500236488226925,0.011468393310623442,10630.665799029326,2021
2021-12-16 11:00:00,BNBUSDT,11.085016252965556,0.002979256013425322,10641.750815282292,2021
2021-12-15 20:00:00,ETHUSDT,85.34978094203566,0.0229389693540654,10727.100596224327,2021
2021-12-19 14:00:00,BTCUSDT,36.0401834674093,0.00959923437282486,10763.140779691737,2021
2021-12-20 19:00:00,SOLUSDT,54.60679647823831,0.014495714745609867,10817.747576169975,2021
2021-12-31 08:45:00,BNBUSDT,37.43775626381824,0.009887919563981412,10855.185332433794,2021
2021-12-31 18:30:00,XRPUSDT,-94.47928851942999,-0.024953514808930426,10760.706043914364,2021
2021-12-31 17:00:00,DOGEUSDT,-89.47837626538013,-0.023632692648379004,10671.227667648984,2021
2021-12-31 08:30:00,BTCUSDT,35.247422799206596,0.009309416916446739,10706.47509044819,2021
2021-12-31 19:15:00,ETHUSDT,-89.38054699834939,-0.02360685434982856,10617.09454344984,2021
2022-01-11 16:15:00,BNBUSDT,43.330562405476016,0.011660591922407568,10660.425105855316,2022
2022-01-11 11:30:00,DOGEUSDT,64.40400795892131,0.017331620299522406,10724.829113814238,2022
2022-01-12 11:30:00,SOLUSDT,-97.84522706393128,-0.026066409883505257,10626.983886750306,2022
2022-01-19 07:00:00,DOGEUSDT,-90.74995556657525,-0.024398793683723267,10536.233931183731,2022
2022-01-24 05:00:00,ETHUSDT,-159.56901494366898,-0.0432708189895329,10376.664916240063,2022
2022-01-24 02:45:00,BTCUSDT,-121.93914290480576,-0.03306661122295774,10254.725773335256,2022
2022-01-24 05:00:00,XRPUSDT,-164.3743524337755,-0.044573897088946,10090.351420901481,2022
2022-01-24 05:00:00,BNBUSDT,-167.73619674153517,-0.04548553871663552,9922.615224159947,2022
2022-01-24 00:15:00,SOLUSDT,-248.91105363324164,-0.0674979735261269,9673.704170526704,2022
2022-01-27 22:15:00,BNBUSDT,65.91335253877396,0.019467606314680537,9739.617523065479,2022
2022-02-13 10:30:00,DOGEUSDT,32.12372884827515,0.009423581799417062,9771.741251913752,2022
2022-02-15 08:30:00,DOGEUSDT,39.08942031530385,0.011429289331812024,9810.830672229056,2022
2022-02-15 02:00:00,SOLUSDT,56.64959835843961,0.01656368001743075,9867.480270587497,2022
2022-02-19 06:45:00,BTCUSDT,-12.298334896010356,-0.0035610002492353276,9855.181935691486,2022
2022-02-19 01:45:00,DOGEUSDT,52.12223200107895,0.015092065935426401,9907.304167692566,2022
2022-02-19 06:30:00,DOGEUSDT,36.437490427421686,0.010495089443327173,9943.741658119987,2022
2022-02-19 13:15:00,XRPUSDT,55.69530055643191,0.016002973089238516,9999.436958676419,2022
2022-02-21 15:00:00,BTCUSDT,57.17686382904978,0.016337166658293833,10056.61382250547,2022
2022-03-07 14:00:00,ETHUSDT,38.47509509939614,0.010930999746169495,10095.088917604864,2022
2022-03-14 09:45:00,SOLUSDT,48.56322041686588,0.013744510768194655,10143.652138021731,2022
2022-03-14 04:15:00,DOGEUSDT,47.2191992322899,0.013364121793050191,10190.87133725402,2022
2022-03-14 17:30:00,ETHUSDT,-83.9293287200131,-0.023753934612601144,10106.942008534008,2022
2022-04-12 13:15:00,DOGEUSDT,47.177981579582514,0.013336796923412168,10154.11999011359,2022
2022-04-13 13:00:00,DOGEUSDT,-147.5997906290306,-0.041531288572728274,10006.52019948456,2022
2022-04-18 18:15:00,BTCUSDT,35.208553013043726,0.010053031797880675,10041.728752497604,2022
2022-04-28 18:00:00,ETHUSDT,45.02827853904366,0.012811760561175185,10086.757031036646,2022
2022-05-01 21:15:00,DOGEUSDT,-84.01678025354543,-0.02379832713754661,10002.740250783101,2022
2022-05-01 16:00:00,SOLUSDT,54.17558757338269,0.015345605390367948,10056.915838356485,2022
2022-05-01 23:15:00,ETHUSDT,35.10358064750893,0.009890209163120887,10092.019419003993,2022
2022-05-04 23:45:00,SOLUSDT,75.81833964205,0.021464864320494298,10167.837758646043,2022
2022-05-22 10:45:00,SOLUSDT,39.2977277069462,0.01104258591502128,10207.135486352989,2022
2022-06-07 22:45:00,BNBUSDT,-93.16909617245281,-0.026079541903944292,10113.966390180536,2022
2022-06-15 19:30:00,SOLUSDT,184.8373321654742,0.05221558416910062,10298.80372234601,2022
2022-06-15 18:45:00,DOGEUSDT,147.36763046437795,0.0416305884864474,10446.171352810388,2022
2022-06-15 21:45:00,XRPUSDT,122.29474409242083,0.03454762860286081,10568.46609690281,2022
2022-06-16 01:00:00,BTCUSDT,150.93573038842632,0.042638558141306494,10719.401827291236,2022
2022-06-19 06:45:00,DOGEUSDT,122.80187046960077,0.03273153602309397,10842.203697760837,2022
2022-06-19 18:45:00,ETHUSDT,127.71760338312941,0.03365620573176231,10969.921301143966,2022
2022-06-20 10:45:00,BNBUSDT,56.49368105123887,0.014713917525773114,11026.414982195205,2022
2022-06-19 20:30:00,ETHUSDT,108.36404256566884,0.028223680160343403,11134.779024760874,2022
2022-06-19 22:15:00,BTCUSDT,88.36652744777984,0.023015278394168046,11223.145552208654,2022
2022-07-01 00:15:00,BTCUSDT,66.38891750939119,0.01690102124872425,11289.534469718044,2022
2022-07-01 00:15:00,BNBUSDT,67.16537715951472,0.01709868919599359,11356.69984687756,2022
2022-07-01 00:30:00,DOGEUSDT,103.44507686279962,0.026334627942785425,11460.14492374036,2022
2022-07-01 00:15:00,ETHUSDT,92.00591704039256,0.023422493049206145,11552.150840780752,2022
2022-07-03 01:00:00,SOLUSDT,-125.39455109047745,-0.031013284964047375,11426.756289690275,2022
2022-07-04 03:15:00,XRPUSDT,-100.89033657915282,-0.02522659074928767,11325.86595311112,2022
2022-07-13 12:30:00,SOLUSDT,-114.21585129852602,-0.028812896520326037,11211.650101812595,2022
2022-07-13 12:30:00,ETHUSDT,-107.34166326309666,-0.027078765344361624,11104.308438549499,2022
2022-07-13 12:30:00,XRPUSDT,-95.64092447625146,-0.024127054421194106,11008.667514073248,2022
2022-07-13 12:30:00,BTCUSDT,-93.919312298805,-0.02369274838614783,10914.748201774442,2022
2022-07-27 18:30:00,SOLUSDT,79.9341594451283,0.020924285973288673,10994.68236121957,2022
2022-07-27 18:30:00,XRPUSDT,50.452032254000436,0.013206778655638048,11045.13439347357,2022
2022-07-27 18:30:00,DOGEUSDT,58.64947813690849,0.015352615968436362,11103.78387161048,2022
2022-08-28 14:15:00,SOLUSDT,-82.96330657922572,-0.021347499333432916,11020.820565031254,2022
2022-08-29 13:30:00,ETHUSDT,40.913807216263486,0.010606886425260989,11061.734372247516,2022
2022-08-29 13:30:00,SOLUSDT,41.60633310603055,0.01078642345588942,11103.340705353548,2022
2022-08-31 01:30:00,DOGEUSDT,46.36318514171084,0.01193030519167637,11149.703890495259,2022
2022-08-31 01:30:00,BNBUSDT,39.96052725886688,0.01028275525853987,11189.664417754126,2022
2022-08-31 01:30:00,ETHUSDT,74.39675093776029,0.019143981183426157,11264.061168691886,2022
2022-09-02 03:00:00,DOGEUSDT,56.37441975123976,0.014299440344439578,11320.435588443124,2022
2022-09-19 14:15:00,BTCUSDT,43.214889198071376,0.01090692235557964,11363.650477641197,2022
2022-10-21 12:00:00,XRPUSDT,-135.6171696594349,-0.03409798887785011,11228.033307981761,2022
2022-11-07 21:30:00,SOLUSDT,-196.26842623237968,-0.049943468879262834,11031.764881749383,2022
2022-11-08 17:00:00,SOLUSDT,-411.64541917216405,-0.10661301991751837,10620.119462577219,2022
2022-11-08 16:30:00,DOGEUSDT,160.90134637687453,0.041672219942422796,10781.020808954092,2022
2022-11-08 17:45:00,XRPUSDT,-167.29840395300027,-0.043329009001678104,10613.722405001092,2022
2022-11-08 16:30:00,BTCUSDT,62.56243738436551,0.016203193506589827,10676.284842385458,2022
2022-11-08 17:45:00,ETHUSDT,-215.7949894744293,-0.05588925429367131,10460.489852911029,2022
2022-11-10 13:30:00,SOLUSDT,286.24009084231676,0.07818265133639571,10746.729943753346,2022
2022-11-10 13:45:00,BNBUSDT,115.4991359027948,0.030706785494564057,10862.22907965614,2022
2022-11-10 14:00:00,DOGEUSDT,194.09818284593237,0.051603254162445183,11056.327262502073,2022
2022-11-10 15:00:00,BTCUSDT,105.94796692061742,0.02816749639196084,11162.27522942269,2022
2022-11-10 15:00:00,ETHUSDT,137.76963320577258,0.03662765562224488,11300.044862628463,2022
2022-11-11 02:00:00,BTCUSDT,-205.96574159482884,-0.052077098327281704,11094.079121033634,2022
2022-11-12 22:45:00,BNBUSDT,-74.29449465764256,-0.01913362816510583,11019.784626375991,2022
2022-11-12 10:00:00,DOGEUSDT,135.1448053778593,0.03480487304559055,11154.92943175385,2022
2022-11-14 06:45:00,BTCUSDT,65.39040048256882,0.01674862371900347,11220.319832236419,2022
2022-11-14 06:45:00,BNBUSDT,60.91676529723896,0.015602779194084898,11281.236597533658,2022
2022-11-14 06:45:00,SOLUSDT,211.8841500007934,0.054270472029456,11493.12074753445,2022
2022-11-22 13:45:00,BNBUSDT,38.2252700445832,0.009502645945285748,11531.346017579035,2022
2022-11-22 22:45:00,SOLUSDT,107.67504994358282,0.02667884558921568,11639.021067522617,2022
2022-11-23 02:45:00,DOGEUSDT,82.02615554350625,0.02032377174813293,11721.047223066123,2022
2022-11-23 08:00:00,ETHUSDT,50.94306518028185,0.01250548598171635,11771.990288246405,2022
2022-12-08 11:30:00,DOGEUSDT,-95.84201181330286,-0.023261514218202013,11676.148276433103,2022
2022-12-22 12:15:00,DOGEUSDT,46.43601577569787,0.01136285080033588,11722.584292208801,2022
2022-12-28 21:15:00,DOGEUSDT,-90.84769648396173,-0.022142288818477393,11631.736595724838,2022
2022-12-28 21:15:00,SOLUSDT,-173.62003112601002,-0.042316371494832895,11458.11656459883,2022
2023-01-06 18:00:00,DOGEUSDT,40.453713193013975,0.010087350485805821,11498.570277791843,2023
2023-02-06 23:00:00,SOLUSDT,-126.05249514317018,-0.03132128407467593,11372.517782648672,2023
2023-02-07 18:15:00,SOLUSDT,-125.03222261555607,-0.031412122503230895,11247.485560033116,2023
2023-02-12 10:15:00,DOGEUSDT,-91.83976293662192,-0.023329598537870026,11155.645797096495,2023
2023-02-14 13:15:00,SOLUSDT,49.03299792421777,0.01255815058415911,11204.678795020713,2023
2023-02-22 09:30:00,DOGEUSDT,48.79632584524703,0.01244284431478032,11253.47512086596,2023
2023-02-26 20:00:00,SOLUSDT,38.23852552867472,0.009708372650093958,11291.713646394634,2023
2023-03-10 22:45:00,SOLUSDT,104.39099039370468,0.026414057413568448,11396.10463678834,2023
2023-03-12 18:15:00,DOGEUSDT,38.456678797355885,0.009641559869554518,11434.561315585695,2023
2023-03-13 00:30:00,XRPUSDT,59.71590016210108,0.014921154637865,11494.277215747796,2023
2023-03-29 05:00:00,SOLUSDT,54.01953760291335,0.013427685195974527,11548.296753350709,2023
2023-04-23 06:30:00,XRPUSDT,-24.43074949703849,-0.0060443667937314744,11523.866003853671,2023
2023-04-24 16:45:00,DOGEUSDT,-92.41721961763228,-0.022913247934262762,11431.448784236038,2023
2023-04-24 08:30:00,SOLUSDT,-110.5709300298452,-0.027414145811550567,11320.877854206192,2023
2023-05-03 06:15:00,SOLUSDT,-61.87089224577452,-0.01561486486486479,11259.006961960418,2023
2023-05-10 17:15:00,SOLUSDT,-81.89659601098843,-0.020782496636485567,11177.11036594943,2023
2023-06-13 15:45:00,BNBUSDT,-130.781146111173,-0.03343086050208777,11046.329219838257,2023
2023-06-15 19:00:00,DOGEUSDT,36.027462419933016,0.009318535131945091,11082.35668225819,2023
2023-06-17 05:30:00,ETHUSDT,40.72515279035656,0.010499353408043286,11123.081835048546,2023
2023-07-25 21:15:00,XRPUSDT,42.66460589383086,0.010959091714876513,11165.746440942377,2023
2023-07-26 05:30:00,SOLUSDT,10.37849551793052,0.0026658838599486886,11176.124936460308,2023
2023-07-26 20:30:00,XRPUSDT,49.09909086318261,0.012552035481842128,11225.224027323491,2023
2023-08-15 12:00:00,DOGEUSDT,-58.86370561460327,-0.014982508645916489,11166.360321708888,2023
2023-08-17 22:45:00,ETHUSDT,106.01037971723686,0.02712493511455593,11272.370701426124,2023
2023-08-17 22:45:00,SOLUSDT,154.58490617099906,0.03955372634983859,11426.955607597123,2023
2023-08-17 22:45:00,DOGEUSDT,168.8565360218833,0.04320541625715482,11595.812143619007,2023
2023-08-17 22:45:00,BTCUSDT,102.37383557534604,0.02619445053226207,11698.185979194353,2023
2023-08-18 06:45:00,XRPUSDT,287.56921879637,0.07358049675513782,11985.755197990722,2023
2023-08-20 11:00:00,XRPUSDT,54.48870613632178,0.012988920177382426,12040.243904127045,2023
2023-08-23 23:45:00,DOGEUSDT,-11.7311381430718,-0.002783792240300455,12028.512765983973,2023
2023-09-12 10:15:00,SOLUSDT,66.64649011012426,0.015830597421010992,12095.159256094097,2023
2023-09-13 02:15:00,XRPUSDT,-12.832043414214917,-0.0030312111157195978,12082.327212679882,2023
2024-01-09 17:30:00,DOGEUSDT,93.63410505218306,0.022141927604315482,12175.961317732066,2024
2024-01-10 12:45:00,BNBUSDT,-110.79112966038417,-0.025997625689148936,12065.170188071681,2024
2024-01-16 15:30:00,BTCUSDT,39.61697285750091,0.009381662194316884,12104.787160929183,2024
2024-04-03 18:15:00,ETHUSDT,-96.42722633169443,-0.02276011608340829,12008.359934597487,2024
2024-04-04 00:30:00,BNBUSDT,42.62629430237218,0.010061260117451188,12050.98622889986,2024
2024-04-15 06:15:00,BTCUSDT,59.63104858225303,0.014137799287509148,12110.617277482113,2024
2024-04-15 06:15:00,ETHUSDT,72.22767193195632,0.01712430609650492,12182.84494941407,2024
2024-04-14 22:30:00,DOGEUSDT,128.52828617840785,0.030472499745688875,12311.373235592477,2024
2024-04-15 14:30:00,ETHUSDT,-111.51384072991213,-0.025879401705808318,12199.859394862566,2024
2024-04-19 06:45:00,BTCUSDT,68.94994294588881,0.016147713724570602,12268.809337808454,2024
2024-04-20 15:45:00,DOGEUSDT,51.90152753742845,0.012086753864646475,12320.710865345882,2024
2024-04-28 01:45:00,SOLUSDT,53.789101231996604,0.012473561635911247,12374.49996657788,2024
2024-05-03 13:00:00,DOGEUSDT,58.784948384258804,0.013572830889104975,12433.284914962138,2024
2024-06-07 20:15:00,XRPUSDT,139.32559718754268,0.03201673069861949,12572.61051214968,2024
2024-06-12 13:00:00,SOLUSDT,62.571884715296264,0.014219545996395277,12635.182396864977,2024
2024-06-12 14:30:00,BNBUSDT,43.37149540959848,0.009856231384356378,12678.553892274576,2024
2024-06-12 13:00:00,DOGEUSDT,46.02873635060789,0.010460093006171187,12724.582628625183,2024
2024-06-14 21:30:00,ETHUSDT,45.95917266431074,0.010319546481833666,12770.541801289493,2024
2024-06-23 23:00:00,DOGEUSDT,-108.75208963355686,-0.024331015937358452,12661.789711655936,2024
2024-08-07 06:00:00,BNBUSDT,43.009397534240286,0.00970510455104544,12704.799109190177,2024
2024-08-07 06:00:00,ETHUSDT,-47.21528333525896,-0.010654166006652846,12657.58382585492,2024
2024-08-07 20:00:00,XRPUSDT,98.92316096559648,0.022329506693174708,12756.506986820514,2024
2024-08-08 12:30:00,BTCUSDT,68.60852435358471,0.015366616856674058,12825.115511174099,2024
2024-08-08 13:45:00,BTCUSDT,-101.88494219495163,-0.02269763844147006,12723.230568979148,2024
2024-08-08 15:45:00,DOGEUSDT,72.251538265976,0.016095992764693548,12795.482107245123,2024
2024-08-08 13:45:00,ETHUSDT,-131.12805104759263,-0.029212335288151755,12664.354056197531,2024
2024-08-21 18:15:00,SOLUSDT,45.39670639968343,0.010241728464958195,12709.750762597214,2024
2024-08-28 15:15:00,ETHUSDT,-118.78813898080189,-0.026703488458725416,12590.962623616413,2024
2024-08-28 15:15:00,DOGEUSDT,-109.9017352646861,-0.024705831275871292,12481.060888351727,2024
2024-09-02 20:30:00,ETHUSDT,42.38983893288106,0.009703808562904297,12523.450727284608,2024
2024-09-09 21:00:00,ETHUSDT,51.98104886980149,0.011859134173105771,12575.431776154408,2024
2024-10-04 14:15:00,SOLUSDT,-108.56663345767058,-0.024666380195057385,12466.865142696739,2024
2024-10-04 14:00:00,DOGEUSDT,-112.53320680616775,-0.025567587160489916,12354.331935890572,2024
2024-11-04 10:15:00,DOGEUSDT,66.99036411864869,0.01549262569050433,12421.32230000922,2024
2024-12-16 00:30:00,SOLUSDT,51.07123056724368,0.011747364579742691,12472.393530576464,2024
2024-12-16 00:45:00,DOGEUSDT,47.64226963633255,0.010958637663674553,12520.035800212796,2024
2024-12-24 15:30:00,DOGEUSDT,60.15243797366253,0.013727125963430365,12580.188238186458,2024
2024-12-27 14:45:00,BTCUSDT,-95.05621329473762,-0.021588642053678803,12485.132024891722,2024
2024-12-27 14:30:00,ETHUSDT,-117.83473678979452,-0.026761974476687496,12367.297288101927,2024
2024-12-27 14:30:00,XRPUSDT,-148.51480650356066,-0.03372986242714383,12218.782481598366,2024
2024-12-27 14:30:00,SOLUSDT,-147.97367965623147,-0.03360696468687299,12070.808801942134,2024
2024-12-27 14:30:00,DOGEUSDT,-148.01937683718452,-0.03361734317817055,11922.78942510495,2024
2024-12-30 20:15:00,BTCUSDT,39.488471527630004,0.0094629033812416,11962.27789663258,2024
2024-12-31 12:15:00,XRPUSDT,49.64149093235006,0.01185667416029621,12011.919387564929,2024
2024-12-31 13:15:00,DOGEUSDT,47.23136334596993,0.011281024699739253,12059.1507509109,2024
2025-01-27 13:00:00,XRPUSDT,141.09025399552746,0.033428142639757887,12200.241004906427,2025
2025-01-27 12:45:00,BNBUSDT,50.85037200079961,0.01204784483966812,12251.091376907227,2025
2025-01-30 03:45:00,ETHUSDT,69.06482473209886,0.016106978928840127,12320.156201639325,2025
2025-01-30 11:30:00,DOGEUSDT,15.358718891744905,0.00358188937020989,12335.51492053107,2025
2025-01-30 03:30:00,SOLUSDT,100.29276482849428,0.023389814657082442,12435.807685359565,2025
2025-02-05 21:45:00,ETHUSDT,0.26796755424805013,6.156589125024903e-05,12436.075652913813,2025
2025-02-28 15:30:00,SOLUSDT,121.20078109282986,0.027845435782499258,12557.276434006642,2025
2025-03-02 15:30:00,DOGEUSDT,72.39392840401395,0.016471708377773103,12629.670362410656,2025
2025-03-10 14:00:00,ETHUSDT,-142.15406792316213,-0.03215875538519913,12487.516294487494,2025
2025-03-10 13:45:00,SOLUSDT,-166.5278909836083,-0.037672715168796,12320.988403503887,2025
2025-03-10 14:00:00,XRPUSDT,-202.8768749316354,-0.0458957516274992,12118.111528572252,2025
2025-03-10 14:00:00,DOGEUSDT,-197.39797893136102,-0.04465629025416019,11920.71354964089,2025
2025-03-14 14:30:00,SOLUSDT,46.198226648379524,0.011072737611840425,11966.91177628927,2025
2025-04-05 05:45:00,XRPUSDT,21.96745263800489,0.005244807646920064,11988.879228927275,2025
2025-04-07 14:15:00,DOGEUSDT,161.2920206291517,0.03843848418647833,12150.171249556426,2025
2025-04-07 14:00:00,XRPUSDT,185.39843212889937,0.04418342999105904,12335.569681685325,2025
2025-04-07 14:15:00,SOLUSDT,144.94577554610552,0.03454291092326256,12480.515457231431,2025
2025-04-07 14:00:00,BTCUSDT,83.29602045109411,0.019850782155352777,12563.811477682524,2025
2025-04-09 17:45:00,DOGEUSDT,118.52161523913877,0.02695306173600773,12682.333092921665,2025
2025-04-09 17:45:00,ETHUSDT,123.6041247673955,0.028108877852861612,12805.93721768906,2025
2025-06-23 16:00:00,ETHUSDT,-113.66799306858644,-0.025360556510699697,12692.269224620473,2025
2025-08-26 18:15:00,DOGEUSDT,51.11421878765279,0.011506265942128757,12743.383443408125,2025
2025-08-26 15:00:00,ETHUSDT,54.76622446058798,0.012328364948855742,12798.149667868714,2025
2025-08-26 16:45:00,SOLUSDT,53.63885012228249,0.01207458294336791,12851.788517990995,2025
2025-09-01 16:30:00,DOGEUSDT,-137.68584814219506,-0.030609602468826175,12714.1026698488,2025
2025-09-23 06:30:00,DOGEUSDT,54.7966452024204,0.012314030136532544,12768.899315051221,2025
2025-09-29 14:15:00,DOGEUSDT,44.49534226242676,0.009956186996585263,12813.394657313647,2025
2025-10-11 13:30:00,SOLUSDT,-326.6930789750379,-0.0728463316736104,12486.701578338609,2025
2025-10-11 13:30:00,BNBUSDT,137.5627196146196,0.030673865300146548,12624.264297953228,2025
2025-10-11 17:15:00,BNBUSDT,73.13525042799449,0.016552082040897784,12697.399548381223,2025
2025-10-12 15:15:00,SOLUSDT,83.94581105756487,0.01888931458258814,12781.345359438788,2025
2025-10-12 15:00:00,ETHUSDT,67.34307109278734,0.015153400018458985,12848.688430531576,2025
2025-10-12 15:00:00,XRPUSDT,76.36143869568662,0.017182694637529014,12925.049869227263,2025
2025-10-12 15:00:00,DOGEUSDT,93.55582196296898,0.021051739566603143,13018.60569119023,2025
2025-10-12 16:00:00,DOGEUSDT,110.59193384461766,0.02442870216688868,13129.197625034849,2025
2025-10-19 10:15:00,BNBUSDT,48.879947016937656,0.0106371307269125,13178.077572051787,2025
2025-10-20 02:15:00,DOGEUSDT,-29.630818498038888,-0.006424266434924854,13148.446753553748,2025
2025-10-21 14:45:00,ETHUSDT,48.35245994438996,0.010506935773083691,13196.799213498138,2025
2025-10-21 14:45:00,BNBUSDT,42.61412191759976,0.009260001301475203,13239.413335415738,2025
2025-10-21 14:45:00,SOLUSDT,55.78990728064223,0.012123084808056659,13295.20324269638,2025
2025-11-09 19:15:00,SOLUSDT,47.87285194168609,0.010287889134104429,13343.076094638065,2025
2025-11-17 16:00:00,XRPUSDT,-174.17022311008,-0.03729493898981181,13168.905871527986,2025
2025-11-17 16:00:00,DOGEUSDT,-161.38101366712078,-0.034556395182575424,13007.524857860864,2025
2025-11-21 14:30:00,BTCUSDT,83.99977001711282,0.018450807938375568,13091.524627877978,2025
2025-11-21 17:15:00,ETHUSDT,106.35716657841164,0.023361678883267248,13197.881794456389,2025
2025-11-21 14:45:00,XRPUSDT,125.8756266799985,0.02764896869982101,13323.757421136388,2025
2025-11-21 17:00:00,DOGEUSDT,121.49158671132564,0.02668600083169868,13445.249007847713,2025
2025-11-21 17:00:00,SOLUSDT,114.80516574754381,0.025217307893935482,13560.054173595257,2025
2025-11-24 17:15:00,ETHUSDT,63.39114512626373,0.013356698666904365,13623.445318721522,2025
2025-11-24 20:00:00,BNBUSDT,54.47578379876591,0.011424796953088885,13677.921102520288,2025
2025-12-02 15:30:00,DOGEUSDT,56.513098807581905,0.011804863866581274,13734.43420132787,2025
2025-12-07 17:15:00,SOLUSDT,63.304808597349414,0.013169154189782773,13797.739009925219,2025
2025-12-07 17:15:00,XRPUSDT,56.9255794620876,0.011842097778814729,13854.664589387306,2025
2025-12-17 15:45:00,ETHUSDT,-125.48028876886201,-0.025876852409895255,13729.184300618444,2025
2025-12-17 15:00:00,DOGEUSDT,58.728205766311675,0.01211107439920015,13787.912506384757,2025
2025-12-17 15:15:00,XRPUSDT,52.74156030563599,0.01087649371297275,13840.654066690393,2025
2025-12-18 15:30:00,DOGEUSDT,48.53635831827786,0.010019418794270487,13889.19042500867,2025
2025-12-18 17:00:00,XRPUSDT,-100.52956603106318,-0.020752439164604158,13788.660858977608,2025
2025-12-19 15:15:00,DOGEUSDT,47.32672138089158,0.009806550855688443,13835.987580358498,2025
2026-01-10 07:15:00,DOGEUSDT,-88.83990390314584,-0.018345513494567207,13747.147676455352,2026
2026-01-10 07:15:00,ETHUSDT,-63.42949370255974,-0.013098242811501628,13683.718182752793,2026
2026-01-21 15:00:00,XRPUSDT,46.78425158100295,0.009768491900097466,13730.502434333795,2026
2026-01-21 15:15:00,ETHUSDT,49.4704897698377,0.010329374998631843,13779.972924103633,2026
2026-01-21 16:30:00,DOGEUSDT,-116.30556228457925,-0.024284452667711943,13663.667361819054,2026
2026-01-21 15:00:00,SOLUSDT,45.44648439410294,0.009489167822275619,13709.113846213157,2026
2026-02-03 20:30:00,XRPUSDT,94.83582519783646,0.01976491723716291,13803.949671410994,2026
2026-02-11 14:45:00,ETHUSDT,-142.1132645011408,-0.029414617427620943,13661.836406909853,2026
2026-02-11 14:45:00,XRPUSDT,-148.99238108635043,-0.030838457653262364,13512.844025823502,2026
2026-02-11 15:00:00,BNBUSDT,-127.87724339482841,-0.026468044382496402,13384.966782428673,2026
2026-02-11 14:45:00,DOGEUSDT,-139.07631988322686,-0.028786030332683767,13245.890462545447,2026
2026-02-23 09:30:00,DOGEUSDT,51.62538790536303,0.011135612869373842,13297.51585045081,2026
2026-02-25 02:00:00,ETHUSDT,51.25441658159205,0.011012672733768962,13348.770267032402,2026
2026-02-25 12:45:00,XRPUSDT,53.277102771060825,0.011447272960117728,13402.047369803462,2026
2026-02-25 01:15:00,SOLUSDT,63.06116041714331,0.013549503988210906,13465.108530220607,2026
2026-02-25 05:30:00,DOGEUSDT,-111.68282205820695,-0.023996495352802686,13353.425708162398,2026
2026-02-28 18:30:00,SOLUSDT,66.36195562155375,0.014199022156109018,13419.787663783953,2026
2026-02-28 20:00:00,XRPUSDT,72.50087714800814,0.015512525984504782,13492.28854093196,2026
2026-02-28 18:30:00,BTCUSDT,43.250306786326924,0.009253977803482789,13535.538847718288,2026
2026-02-28 19:30:00,DOGEUSDT,70.03718601951626,0.01498538653251576,13605.576033737803,2026
2026-02-28 18:30:00,ETHUSDT,55.19757908974744,0.011810255456129876,13660.77361282755,2026
2026-03-01 14:00:00,DOGEUSDT,54.81197930152242,0.011463893596783811,13715.585592129073,2026
2026-03-02 15:00:00,XRPUSDT,50.31992057788601,0.010482323243537523,13765.905512706959,2026
2026-03-02 15:00:00,DOGEUSDT,54.45134153512014,0.011342954369968303,13820.35685424208,2026
2026-03-23 14:00:00,XRPUSDT,71.499091097201,0.014781320017642733,13891.85594533928,2026
2026-04-03 06:30:00,ETHUSDT,-22.21868385965235,-0.004569724458308917,13869.63726147963,2026
2026-04-03 06:30:00,DOGEUSDT,13.99117347650892,0.002877569528416081,13883.628434956137,2026
2026-05-18 15:15:00,DOGEUSDT,-112.54852627104178,-0.023161612212814764,13771.079908685097,2026
2026-06-07 03:15:00,SOLUSDT,57.98092208865301,0.01202954150978921,13829.06083077375,2026
2026-06-07 04:45:00,DOGEUSDT,51.357886459202874,0.010655432938292806,13880.418717232951,2026
2026-06-08 14:00:00,XRPUSDT,5.551092781383327,0.0011426359256710079,13885.969810014336,2026
2026-06-08 05:30:00,SOLUSDT,-170.8579116804802,-0.03516936137799342,13715.111898333855,2026
2026-06-08 05:00:00,BNBUSDT,-107.74353127295643,-0.022177908826171423,13607.368367060899,2026
2026-06-08 14:00:00,BTCUSDT,18.285175241754228,0.00376381713677858,13625.653542302653,2026
2026-06-08 05:00:00,ETHUSDT,-151.69469823445112,-0.031224809017389932,13473.958844068202,2026
2026-06-09 14:15:00,SOLUSDT,-123.1138275565083,-0.0261061947041238,13350.845016511694,2026
2026-06-10 17:30:00,ETHUSDT,-114.4808295937389,-0.02449942937312304,13236.364186917956,2026
2026-06-10 16:45:00,XRPUSDT,-106.75752467475031,-0.022846606240539774,13129.606662243204,2026
2026-06-26 00:00:00,BNBUSDT,72.5601530973598,0.015789865490143627,13202.166815340564,2026
