sym,profile,setup,period,n,wr,net
EURUSD,hiWR(2:4),S1 zone+choch,IS,168,63.095238095238095,-0.006728633715462092
EURUSD,hiWR(2:4),S1 zone+choch,OOS,65,60.0,-0.029099402259654333
EURUSD,hiWR(2:4),S1s zone+choch dn,IS,178,60.67415730337079,-0.0351374428100658
EURUSD,hiWR(2:4),S1s zone+choch dn,OOS,49,59.183673469387756,-0.052465375573098064
EURUSD,hiWR(2:4),S2 zone+sweep,IS,614,66.28664495114006,-0.004446179217901736
EURUSD,hiWR(2:4),S2 zone+sweep,OOS,179,70.39106145251397,0.013229235525670405
EURUSD,hiWR(2:4),S2s zone+sweep hi,IS,659,61.91198786039453,-0.014468040763079948
EURUSD,hiWR(2:4),S2s zone+sweep hi,OOS,150,57.333333333333336,-0.02865891956789734
EURUSD,hiWR(2:4),S3 trend+bos,IS,9691,64.8539882365081,-0.010492249840187562
EURUSD,hiWR(2:4),S3 trend+bos,OOS,6295,62.652899126290706,-0.012798811122052533
EURUSD,hiWR(2:4),S3s trend+bos dn,IS,13829,64.8564610600911,-0.009491036201194278
EURUSD,hiWR(2:4),S3s trend+bos dn,OOS,4400,62.52272727272727,-0.017150713265711458
EURUSD,hiWR(2:4),S4 sweep->choch,IS,839,65.55423122765197,-0.006674347378509761
EURUSD,hiWR(2:4),S4 sweep->choch,OOS,391,60.35805626598465,-0.022236473918309654
EURUSD,hiWR(2:4),S4s sweep->choch dn,IS,893,64.94960806270996,-0.014565164291295398
EURUSD,hiWR(2:4),S4s sweep->choch dn,OOS,387,66.66666666666666,-0.01842142064072594
EURUSD,hiWR(2:4),S5 zone touch,IS,10550,64.51184834123222,-0.008002086496978596
EURUSD,hiWR(2:4),S5 zone touch,OOS,3884,66.60659114315139,-0.0044596617272203804
EURUSD,smc(2:1),S1 zone+choch,IS,168,35.11904761904761,-0.00525411975862961
EURUSD,smc(2:1),S1 zone+choch,OOS,65,32.30769230769231,-0.017188294631096154
EURUSD,smc(2:1),S1s zone+choch dn,IS,178,30.337078651685395,-0.019141214382153895
EURUSD,smc(2:1),S1s zone+choch dn,OOS,49,28.57142857142857,-0.021641631111609848
EURUSD,smc(2:1),S2 zone+sweep,IS,614,31.596091205211724,-0.0129279594685193
EURUSD,smc(2:1),S2 zone+sweep,OOS,179,40.22346368715084,-0.000570142767677939
EURUSD,smc(2:1),S2s zone+sweep hi,IS,659,31.86646433990895,-0.014811737824815173
EURUSD,smc(2:1),S2s zone+sweep hi,OOS,150,36.666666666666664,-0.004635494405261651
EURUSD,smc(2:1),S3 trend+bos,IS,9691,31.761428129192034,-0.015145600698562512
EURUSD,smc(2:1),S3 trend+bos,OOS,6295,32.88324066719619,-0.010469893452098759
EURUSD,smc(2:1),S3s trend+bos dn,IS,13829,33.632222141875765,-0.012045622574990358
EURUSD,smc(2:1),S3s trend+bos dn,OOS,4400,32.13636363636363,-0.015114377789029389
EURUSD,smc(2:1),S4 sweep->choch,IS,839,32.419547079856976,-0.014065220514432734
EURUSD,smc(2:1),S4 sweep->choch,OOS,391,30.946291560102303,-0.013138413957742642
EURUSD,smc(2:1),S4s sweep->choch dn,IS,893,31.13101903695409,-0.01642620279148472
EURUSD,smc(2:1),S4s sweep->choch dn,OOS,387,34.366925064599485,-0.013597978408121169
EURUSD,smc(2:1),S5 zone touch,IS,10550,32.04739336492891,-0.013642144988125118
EURUSD,smc(2:1),S5 zone touch,OOS,3884,34.938208032955714,-0.01095639123438786
GBPUSD,hiWR(2:4),S1 zone+choch,IS,163,62.57668711656442,-0.023837058965950658
GBPUSD,hiWR(2:4),S1 zone+choch,OOS,61,65.57377049180327,-0.015620492622949036
GBPUSD,hiWR(2:4),S1s zone+choch dn,IS,146,63.6986301369863,-0.0390052802540608
GBPUSD,hiWR(2:4),S1s zone+choch dn,OOS,104,60.57692307692307,-0.03984332502279693
GBPUSD,hiWR(2:4),S2 zone+sweep,IS,554,63.537906137184116,-0.021055435560910957
GBPUSD,hiWR(2:4),S2 zone+sweep,OOS,231,73.16017316017316,0.02176068692030576
GBPUSD,hiWR(2:4),S2s zone+sweep hi,IS,468,69.87179487179486,0.0004655700371225379
GBPUSD,hiWR(2:4),S2s zone+sweep hi,OOS,332,60.24096385542169,-0.03023499428176936
GBPUSD,hiWR(2:4),S3 trend+bos,IS,11044,63.48243390076059,-0.01612272753057664
GBPUSD,hiWR(2:4),S3 trend+bos,OOS,6220,64.48553054662379,-0.011180183348327936
GBPUSD,hiWR(2:4),S3s trend+bos dn,IS,11693,65.77439493714188,-0.005579607722271675
GBPUSD,hiWR(2:4),S3s trend+bos dn,OOS,4417,60.719945664478146,-0.024635910859717648
GBPUSD,hiWR(2:4),S4 sweep->choch,IS,886,64.78555304740406,-0.015957951487703497
GBPUSD,hiWR(2:4),S4 sweep->choch,OOS,424,64.62264150943396,-0.012885386792840898
GBPUSD,hiWR(2:4),S4s sweep->choch dn,IS,849,64.89988221436984,-0.020501048103431948
GBPUSD,hiWR(2:4),S4s sweep->choch dn,OOS,398,61.30653266331658,-0.02362596688785719
GBPUSD,hiWR(2:4),S5 zone touch,IS,10544,60.77389984825493,-0.02656394283705384
GBPUSD,hiWR(2:4),S5 zone touch,OOS,3884,65.01029866117405,-0.011401887968411822
GBPUSD,smc(2:1),S1 zone+choch,IS,163,28.834355828220858,-0.033509222395868836
GBPUSD,smc(2:1),S1 zone+choch,OOS,61,34.42622950819672,-0.011847653319195899
GBPUSD,smc(2:1),S1s zone+choch dn,IS,146,27.397260273972602,-0.027138695451919912
GBPUSD,smc(2:1),S1s zone+choch dn,OOS,104,37.5,-0.013741706305086726
GBPUSD,smc(2:1),S2 zone+sweep,IS,554,32.31046931407942,-0.014644446245097868
GBPUSD,smc(2:1),S2 zone+sweep,OOS,231,35.93073593073593,-0.007800081485961769
GBPUSD,smc(2:1),S2s zone+sweep hi,IS,468,38.24786324786324,-0.0009129751220890278
GBPUSD,smc(2:1),S2s zone+sweep hi,OOS,332,33.734939759036145,-0.014762152356983502
GBPUSD,smc(2:1),S3 trend+bos,IS,11044,31.256791017747194,-0.018747453480049584
GBPUSD,smc(2:1),S3 trend+bos,OOS,6220,31.22186495176849,-0.015217242265780235
GBPUSD,smc(2:1),S3s trend+bos dn,IS,11693,33.98614555717096,-0.011109073851329518
GBPUSD,smc(2:1),S3s trend+bos dn,OOS,4417,31.491962870726738,-0.018742365739816344
GBPUSD,smc(2:1),S4 sweep->choch,IS,886,32.05417607223476,-0.01954483035556649
GBPUSD,smc(2:1),S4 sweep->choch,OOS,424,31.367924528301888,-0.02026007229451773
GBPUSD,smc(2:1),S4s sweep->choch dn,IS,849,30.977620730270907,-0.019585633226320426
GBPUSD,smc(2:1),S4s sweep->choch dn,OOS,398,35.175879396984925,-0.009285768460180541
GBPUSD,smc(2:1),S5 zone touch,IS,10544,30.794764795144157,-0.018048996153616104
GBPUSD,smc(2:1),S5 zone touch,OOS,3884,30.973223480947475,-0.01720586252374254
USDJPY,hiWR(2:4),S1 zone+choch,IS,141,64.53900709219859,-0.007976120722564605
USDJPY,hiWR(2:4),S1s zone+choch dn,IS,176,62.5,-0.006555752424171972
USDJPY,hiWR(2:4),S1s zone+choch dn,OOS,103,66.01941747572816,-0.008210433365295595
USDJPY,hiWR(2:4),S2 zone+sweep,IS,466,66.09442060085837,-5.20523353921889e-05
USDJPY,hiWR(2:4),S2 zone+sweep,OOS,111,54.95495495495496,-0.06791249747682483
USDJPY,hiWR(2:4),S2s zone+sweep hi,IS,688,63.662790697674424,-0.014035289888764664
USDJPY,hiWR(2:4),S2s zone+sweep hi,OOS,377,76.39257294429707,0.019580116244260013
USDJPY,hiWR(2:4),S3 trend+bos,IS,14726,64.81053918239847,-0.011566530767339012
USDJPY,hiWR(2:4),S3 trend+bos,OOS,7889,65.57231588287489,-0.008849479326281037
USDJPY,hiWR(2:4),S3s trend+bos dn,IS,8203,63.428014141167864,-0.018911345367263105
USDJPY,hiWR(2:4),S3s trend+bos dn,OOS,3512,66.94191343963554,-0.0011991923292449052
USDJPY,hiWR(2:4),S4 sweep->choch,IS,759,62.71409749670619,-0.015301306726393784
USDJPY,hiWR(2:4),S4 sweep->choch,OOS,337,64.68842729970326,-0.018418127200272673
USDJPY,hiWR(2:4),S4s sweep->choch dn,IS,743,62.44952893674294,-0.017486089363638938
USDJPY,hiWR(2:4),S4s sweep->choch dn,OOS,334,61.97604790419161,-0.02647882670098444
USDJPY,hiWR(2:4),S5 zone touch,IS,10397,64.04732134269501,-0.016393043682035712
USDJPY,hiWR(2:4),S5 zone touch,OOS,2208,58.69565217391305,-0.05186433292256201
USDJPY,smc(2:1),S1 zone+choch,IS,141,36.17021276595745,-0.0069075775679745665
USDJPY,smc(2:1),S1s zone+choch dn,IS,176,33.52272727272727,-0.0022294670909907177
USDJPY,smc(2:1),S1s zone+choch dn,OOS,103,31.06796116504854,-0.012335350779487655
USDJPY,smc(2:1),S2 zone+sweep,IS,466,38.8412017167382,-0.00012763181638726528
USDJPY,smc(2:1),S2 zone+sweep,OOS,111,30.630630630630627,-0.022515026890762038
USDJPY,smc(2:1),S2s zone+sweep hi,IS,688,34.73837209302326,-0.008629043801066189
USDJPY,smc(2:1),S2s zone+sweep hi,OOS,377,40.318302387267906,0.0006350708708722912
USDJPY,smc(2:1),S3 trend+bos,IS,14726,32.67010729322287,-0.013633850240089637
USDJPY,smc(2:1),S3 trend+bos,OOS,7889,30.764355431613637,-0.015430779937560207
USDJPY,smc(2:1),S3s trend+bos dn,IS,8203,32.86602462513714,-0.013850127322209409
USDJPY,smc(2:1),S3s trend+bos dn,OOS,3512,35.19362186788155,-0.006608838891383811
USDJPY,smc(2:1),S4 sweep->choch,IS,759,31.88405797101449,-0.013366074801508856
USDJPY,smc(2:1),S4 sweep->choch,OOS,337,30.56379821958457,-0.021941558921788062
USDJPY,smc(2:1),S4s sweep->choch dn,IS,743,32.43606998654105,-0.012711263194405627
USDJPY,smc(2:1),S4s sweep->choch dn,OOS,334,32.035928143712574,-0.014213157668762922
USDJPY,smc(2:1),S5 zone touch,IS,10397,32.38434163701068,-0.013272793878610746
USDJPY,smc(2:1),S5 zone touch,OOS,2208,28.57789855072464,-0.02607622559606332
AUDUSD,hiWR(2:4),S1 zone+choch,IS,134,70.1492537313433,0.026844342107467115
AUDUSD,hiWR(2:4),S1 zone+choch,OOS,58,56.896551724137936,-0.06160150328105156
AUDUSD,hiWR(2:4),S1s zone+choch dn,IS,162,61.72839506172839,-0.03428381006505277
AUDUSD,hiWR(2:4),S1s zone+choch dn,OOS,81,66.66666666666666,-0.019224905374946585
AUDUSD,hiWR(2:4),S2 zone+sweep,IS,514,62.840466926070036,-0.026865981992119998
AUDUSD,hiWR(2:4),S2 zone+sweep,OOS,269,66.17100371747212,-0.002029363320141804
AUDUSD,hiWR(2:4),S2s zone+sweep hi,IS,568,61.267605633802816,-0.030788876560776744
AUDUSD,hiWR(2:4),S2s zone+sweep hi,OOS,301,67.44186046511628,-0.013191249674433147
AUDUSD,hiWR(2:4),S3 trend+bos,IS,10748,64.70971343505768,-0.01615540122198619
AUDUSD,hiWR(2:4),S3 trend+bos,OOS,6487,63.40373053799907,-0.025025035232981874
AUDUSD,hiWR(2:4),S3s trend+bos dn,IS,12901,63.94077978451283,-0.022792859290931684
AUDUSD,hiWR(2:4),S3s trend+bos dn,OOS,4175,61.389221556886234,-0.036818774331295684
AUDUSD,hiWR(2:4),S4 sweep->choch,IS,846,64.77541371158392,-0.021142392912106116
AUDUSD,hiWR(2:4),S4 sweep->choch,OOS,378,61.904761904761905,-0.035136086387095276
AUDUSD,hiWR(2:4),S4s sweep->choch dn,IS,828,65.94202898550725,-0.01669272289194517
AUDUSD,hiWR(2:4),S4s sweep->choch dn,OOS,359,63.788300835654596,-0.021985552952986903
AUDUSD,hiWR(2:4),S5 zone touch,IS,9266,61.32095834232678,-0.030008347458732054
AUDUSD,hiWR(2:4),S5 zone touch,OOS,4459,59.430365552814536,-0.033315280954850736
AUDUSD,smc(2:1),S1 zone+choch,IS,134,33.582089552238806,-0.012280199699920861
AUDUSD,smc(2:1),S1 zone+choch,OOS,58,25.862068965517242,-0.0369380462108921
AUDUSD,smc(2:1),S1s zone+choch dn,IS,162,34.5679012345679,-0.014839416645130185
AUDUSD,smc(2:1),S1s zone+choch dn,OOS,81,35.80246913580247,-0.008698024770331315
AUDUSD,smc(2:1),S2 zone+sweep,IS,514,32.490272373540854,-0.016628929243425045
AUDUSD,smc(2:1),S2 zone+sweep,OOS,269,31.970260223048324,-0.01427063939633154
AUDUSD,smc(2:1),S2s zone+sweep hi,IS,568,32.57042253521127,-0.01677539016967379
AUDUSD,smc(2:1),S2s zone+sweep hi,OOS,301,33.222591362126245,-0.01562711724340435
AUDUSD,smc(2:1),S3 trend+bos,IS,10748,31.140677335318202,-0.020032995818402094
AUDUSD,smc(2:1),S3 trend+bos,OOS,6487,31.555418529366424,-0.020809403948435577
AUDUSD,smc(2:1),S3s trend+bos dn,IS,12901,32.84241531664212,-0.01702490488612946
AUDUSD,smc(2:1),S3s trend+bos dn,OOS,4175,31.449101796407184,-0.020873350895727807
AUDUSD,smc(2:1),S4 sweep->choch,IS,846,32.269503546099294,-0.019106724320308972
AUDUSD,smc(2:1),S4 sweep->choch,OOS,378,35.44973544973545,-0.00922547927228008
AUDUSD,smc(2:1),S4s sweep->choch dn,IS,828,33.57487922705314,-0.014464040843622733
AUDUSD,smc(2:1),S4s sweep->choch dn,OOS,359,35.097493036211695,-0.006848707391670584
AUDUSD,smc(2:1),S5 zone touch,IS,9266,32.214547809194904,-0.01674603069286516
AUDUSD,smc(2:1),S5 zone touch,OOS,4459,28.93025342004934,-0.02391296955977092
NZDUSD,hiWR(2:4),S1 zone+choch,IS,187,64.70588235294117,-0.03019920807509379
NZDUSD,hiWR(2:4),S1 zone+choch,OOS,181,62.430939226519335,-0.01659974217463478
NZDUSD,hiWR(2:4),S1s zone+choch dn,IS,103,65.0485436893204,-0.01624358782895932
NZDUSD,hiWR(2:4),S1s zone+choch dn,OOS,57,61.40350877192983,-0.033526455663535064
NZDUSD,hiWR(2:4),S2 zone+sweep,IS,619,69.30533117932148,0.010318067105088313
NZDUSD,hiWR(2:4),S2 zone+sweep,OOS,668,62.874251497005986,-0.027583962214724513
NZDUSD,hiWR(2:4),S2s zone+sweep hi,IS,402,67.91044776119402,0.010325615795376206
NZDUSD,hiWR(2:4),S2s zone+sweep hi,OOS,181,66.29834254143645,-0.015823074788840652
NZDUSD,hiWR(2:4),S3 trend+bos,IS,11326,63.79127670845841,-0.026459586291953
NZDUSD,hiWR(2:4),S3 trend+bos,OOS,5129,62.00038993955936,-0.031392758210871556
NZDUSD,hiWR(2:4),S3s trend+bos dn,IS,12786,65.11027686532145,-0.01578781408958678
NZDUSD,hiWR(2:4),S3s trend+bos dn,OOS,5530,66.03978300180832,-0.019491019374488845
NZDUSD,hiWR(2:4),S4 sweep->choch,IS,811,65.5980271270037,-0.01895254549565973
NZDUSD,hiWR(2:4),S4 sweep->choch,OOS,379,59.894459102902374,-0.035940848227441154
NZDUSD,hiWR(2:4),S4s sweep->choch dn,IS,764,65.18324607329843,-0.01824399016227163
NZDUSD,hiWR(2:4),S4s sweep->choch dn,OOS,339,68.14159292035397,-0.005471670030761911
NZDUSD,hiWR(2:4),S5 zone touch,IS,12045,67.7708592777086,-0.0003903009511136968
NZDUSD,hiWR(2:4),S5 zone touch,OOS,13514,62.43895219772089,-0.019596807146157975
NZDUSD,smc(2:1),S1 zone+choch,IS,187,32.0855614973262,-0.015955313851600296
NZDUSD,smc(2:1),S1 zone+choch,OOS,181,34.25414364640884,-0.012800963391754515
NZDUSD,smc(2:1),S1s zone+choch dn,IS,103,29.126213592233007,-0.027005862229428575
NZDUSD,smc(2:1),S1s zone+choch dn,OOS,57,35.08771929824561,-0.004179507096482658
NZDUSD,smc(2:1),S2 zone+sweep,IS,619,32.63327948303716,-0.01551595513773016
NZDUSD,smc(2:1),S2 zone+sweep,OOS,668,32.93413173652694,-0.01807966568851798
NZDUSD,smc(2:1),S2s zone+sweep hi,IS,402,36.069651741293534,-0.008042398207771279
NZDUSD,smc(2:1),S2s zone+sweep hi,OOS,181,34.806629834254146,-0.011762393215262743
NZDUSD,smc(2:1),S3 trend+bos,IS,11326,31.229030549178884,-0.024733560972711087
NZDUSD,smc(2:1),S3 trend+bos,OOS,5129,30.922207057906025,-0.02321908060976214
NZDUSD,smc(2:1),S3s trend+bos dn,IS,12786,33.23948068199593,-0.01844094321165854
NZDUSD,smc(2:1),S3s trend+bos dn,OOS,5530,33.52622061482821,-0.017987860179672428
NZDUSD,smc(2:1),S4 sweep->choch,IS,811,36.00493218249075,-0.011079870867855938
NZDUSD,smc(2:1),S4 sweep->choch,OOS,379,29.023746701846964,-0.028034198972476256
NZDUSD,smc(2:1),S4s sweep->choch dn,IS,764,33.90052356020942,-0.014553258480097428
NZDUSD,smc(2:1),S4s sweep->choch dn,OOS,339,37.75811209439528,-0.00844963079614329
NZDUSD,smc(2:1),S5 zone touch,IS,12045,33.31672893316729,-0.016784148053860096
NZDUSD,smc(2:1),S5 zone touch,OOS,13514,30.153914459079473,-0.02210373229046786
USDCHF,hiWR(2:4),S1 zone+choch,IS,137,56.20437956204379,-0.04819741468143178
USDCHF,hiWR(2:4),S1s zone+choch dn,IS,136,63.23529411764706,-0.007917655945663208
USDCHF,hiWR(2:4),S1s zone+choch dn,OOS,65,75.38461538461539,0.02623842042278364
USDCHF,hiWR(2:4),S2 zone+sweep,IS,489,63.59918200408998,-0.018385637895112474
USDCHF,hiWR(2:4),S2 zone+sweep,OOS,181,59.66850828729282,-0.010036999804265789
USDCHF,hiWR(2:4),S2s zone+sweep hi,IS,484,70.66115702479338,0.007886942541102305
USDCHF,hiWR(2:4),S2s zone+sweep hi,OOS,248,71.7741935483871,0.01553064239351082
USDCHF,hiWR(2:4),S3 trend+bos,IS,10043,62.939360748780246,-0.020640226030836657
USDCHF,hiWR(2:4),S3 trend+bos,OOS,5223,62.83744974152786,-0.019493269802035515
USDCHF,hiWR(2:4),S3s trend+bos dn,IS,12026,63.113254615000834,-0.017014092116596748
USDCHF,hiWR(2:4),S3s trend+bos dn,OOS,5433,66.72188477820725,-0.0045785522498306645
USDCHF,hiWR(2:4),S4 sweep->choch,IS,807,63.320941759603464,-0.018065125748485046
USDCHF,hiWR(2:4),S4 sweep->choch,OOS,379,63.58839050131926,-0.016550344512239967
USDCHF,hiWR(2:4),S4s sweep->choch dn,IS,831,64.38026474127557,-0.01790552281951071
USDCHF,hiWR(2:4),S4s sweep->choch dn,OOS,377,66.3129973474801,-0.01247066988885267
USDCHF,hiWR(2:4),S5 zone touch,IS,8380,62.76849642004774,-0.022693426402815263
USDCHF,hiWR(2:4),S5 zone touch,OOS,3440,56.947674418604656,-0.042731731916522867
USDCHF,smc(2:1),S1 zone+choch,IS,137,24.817518248175183,-0.038488007510163826
USDCHF,smc(2:1),S1s zone+choch dn,IS,136,23.52941176470588,-0.037287190466604336
USDCHF,smc(2:1),S1s zone+choch dn,OOS,65,40.0,-0.006081706639361656
USDCHF,smc(2:1),S2 zone+sweep,IS,489,31.697341513292432,-0.019204826115584193
USDCHF,smc(2:1),S2 zone+sweep,OOS,181,31.491712707182316,-0.013137157201441855
USDCHF,smc(2:1),S2s zone+sweep hi,IS,484,37.60330578512397,-0.003646218259260927
USDCHF,smc(2:1),S2s zone+sweep hi,OOS,248,38.70967741935484,-0.0033056825856375136
USDCHF,smc(2:1),S3 trend+bos,IS,10043,30.44906900328587,-0.02281545293749714
USDCHF,smc(2:1),S3 trend+bos,OOS,5223,29.676431169825772,-0.022466460880633202
USDCHF,smc(2:1),S3s trend+bos dn,IS,12026,31.88092466322967,-0.017762890487739134
USDCHF,smc(2:1),S3s trend+bos dn,OOS,5433,35.02668875391129,-0.01007931693508083
USDCHF,smc(2:1),S4 sweep->choch,IS,807,31.722428748451055,-0.018345566191407522
USDCHF,smc(2:1),S4 sweep->choch,OOS,379,31.926121372031663,-0.019800845595231178
USDCHF,smc(2:1),S4s sweep->choch dn,IS,831,31.768953068592058,-0.020049998312997967
USDCHF,smc(2:1),S4s sweep->choch dn,OOS,377,28.912466843501328,-0.024845751730097485
USDCHF,smc(2:1),S5 zone touch,IS,8380,30.68019093078759,-0.023169813294139145
USDCHF,smc(2:1),S5 zone touch,OOS,3440,27.296511627906977,-0.02547684883404119
USDCAD,hiWR(2:4),S1 zone+choch,IS,118,66.94915254237289,-0.011521584387392717
USDCAD,hiWR(2:4),S1 zone+choch,OOS,59,62.71186440677966,-0.012246605686872485
USDCAD,hiWR(2:4),S1s zone+choch dn,IS,170,62.35294117647059,-0.02435718381204779
USDCAD,hiWR(2:4),S1s zone+choch dn,OOS,88,69.31818181818183,-0.020440954643734938
USDCAD,hiWR(2:4),S2 zone+sweep,IS,480,63.74999999999999,-0.014012743487813893
USDCAD,hiWR(2:4),S2 zone+sweep,OOS,227,64.31718061674009,-0.01622595969976749
USDCAD,hiWR(2:4),S2s zone+sweep hi,IS,626,67.57188498402556,-0.014470367286913494
USDCAD,hiWR(2:4),S2s zone+sweep hi,OOS,295,62.71186440677966,-0.014268450691832505
USDCAD,hiWR(2:4),S3 trend+bos,IS,11685,64.58707744972186,-0.015486672587944006
USDCAD,hiWR(2:4),S3 trend+bos,OOS,6910,63.90738060781476,-0.021103286372695644
USDCAD,hiWR(2:4),S3s trend+bos dn,IS,12241,64.13691691855242,-0.01415225659910246
USDCAD,hiWR(2:4),S3s trend+bos dn,OOS,3960,63.23232323232323,-0.015103916105924839
USDCAD,hiWR(2:4),S4 sweep->choch,IS,899,66.18464961067853,-0.010244725729231921
USDCAD,hiWR(2:4),S4 sweep->choch,OOS,398,63.31658291457286,-0.01828754898887989
USDCAD,hiWR(2:4),S4s sweep->choch dn,IS,884,65.15837104072398,-0.015406287031114033
USDCAD,hiWR(2:4),S4s sweep->choch dn,OOS,386,58.03108808290155,-0.03250326189082124
USDCAD,hiWR(2:4),S5 zone touch,IS,7504,61.44722814498934,-0.024297342083813823
USDCAD,hiWR(2:4),S5 zone touch,OOS,3596,64.15461624026696,-0.014406555572855913
USDCAD,smc(2:1),S1 zone+choch,IS,118,32.20338983050847,-0.01885849930642596
USDCAD,smc(2:1),S1 zone+choch,OOS,59,28.8135593220339,-0.013275416398335268
USDCAD,smc(2:1),S1s zone+choch dn,IS,170,30.0,-0.018615871905341353
USDCAD,smc(2:1),S1s zone+choch dn,OOS,88,35.22727272727273,-0.01583514241617289
USDCAD,smc(2:1),S2 zone+sweep,IS,480,37.291666666666664,-0.010863747225928477
USDCAD,smc(2:1),S2 zone+sweep,OOS,227,34.36123348017621,-0.012508312912264532
USDCAD,smc(2:1),S2s zone+sweep hi,IS,626,35.94249201277955,-0.010892461879246574
USDCAD,smc(2:1),S2s zone+sweep hi,OOS,295,35.932203389830505,-0.009779625967953152
USDCAD,smc(2:1),S3 trend+bos,IS,11685,31.784338896020536,-0.01844450949334328
USDCAD,smc(2:1),S3 trend+bos,OOS,6910,31.085383502170767,-0.019750635546281065
USDCAD,smc(2:1),S3s trend+bos dn,IS,12241,31.69675680091496,-0.018348833279179983
USDCAD,smc(2:1),S3s trend+bos dn,OOS,3960,33.207070707070706,-0.014342961397805628
USDCAD,smc(2:1),S4 sweep->choch,IS,899,33.815350389321466,-0.013683648909219363
USDCAD,smc(2:1),S4 sweep->choch,OOS,398,29.145728643216078,-0.02234368533045358
USDCAD,smc(2:1),S4s sweep->choch dn,IS,884,32.23981900452489,-0.017425468267919277
USDCAD,smc(2:1),S4s sweep->choch dn,OOS,386,27.979274611398964,-0.0237619848467344
USDCAD,smc(2:1),S5 zone touch,IS,7504,31.80970149253731,-0.01867435942001385
USDCAD,smc(2:1),S5 zone touch,OOS,3596,31.507230255839826,-0.015429067144790722
EURJPY,hiWR(2:4),S1 zone+choch,IS,114,58.77192982456141,-0.033234816030500644
EURJPY,hiWR(2:4),S1 zone+choch,OOS,44,72.72727272727273,-0.002647931906191531
EURJPY,hiWR(2:4),S1s zone+choch dn,IS,133,63.90977443609023,-0.024404969531170863
EURJPY,hiWR(2:4),S1s zone+choch dn,OOS,106,60.37735849056604,-0.025046555375929945
EURJPY,hiWR(2:4),S2 zone+sweep,IS,422,67.77251184834124,-0.008012830646548837
EURJPY,hiWR(2:4),S2 zone+sweep,OOS,139,53.23741007194245,-0.07827922775039113
EURJPY,hiWR(2:4),S2s zone+sweep hi,IS,621,66.02254428341385,-0.008583911498953474
EURJPY,hiWR(2:4),S2s zone+sweep hi,OOS,449,63.91982182628062,-0.005122926644777937
EURJPY,hiWR(2:4),S3 trend+bos,IS,13074,65.39697108765489,-0.010746175387307277
EURJPY,hiWR(2:4),S3 trend+bos,OOS,8971,64.6527700367852,-0.013768929819492468
EURJPY,hiWR(2:4),S3s trend+bos dn,IS,9617,65.10346261828013,-0.017156976142972076
EURJPY,hiWR(2:4),S3s trend+bos dn,OOS,2167,64.9746192893401,-0.012829311819335394
EURJPY,hiWR(2:4),S4 sweep->choch,IS,804,62.68656716417911,-0.019600989703315055
EURJPY,hiWR(2:4),S4 sweep->choch,OOS,365,65.47945205479452,-0.01199962935318263
EURJPY,hiWR(2:4),S4s sweep->choch dn,IS,799,64.58072590738423,-0.014185201617215683
EURJPY,hiWR(2:4),S4s sweep->choch dn,OOS,356,61.79775280898876,-0.030302223536752496
EURJPY,hiWR(2:4),S5 zone touch,IS,7868,64.59074733096085,-0.012535587809757581
EURJPY,hiWR(2:4),S5 zone touch,OOS,2812,66.96301564722617,-0.015451143085960035
EURJPY,smc(2:1),S1 zone+choch,IS,114,17.543859649122805,-0.05471915716854449
EURJPY,smc(2:1),S1 zone+choch,OOS,44,31.818181818181817,-0.024655333154488427
EURJPY,smc(2:1),S1s zone+choch dn,IS,133,28.57142857142857,-0.027354349219979833
EURJPY,smc(2:1),S1s zone+choch dn,OOS,106,25.471698113207548,-0.02823460960838428
EURJPY,smc(2:1),S2 zone+sweep,IS,422,34.360189573459714,-0.01083419446175822
EURJPY,smc(2:1),S2 zone+sweep,OOS,139,26.618705035971225,-0.023481098826314474
EURJPY,smc(2:1),S2s zone+sweep hi,IS,621,33.49436392914654,-0.015040546895558494
EURJPY,smc(2:1),S2s zone+sweep hi,OOS,449,30.957683741648108,-0.01785747719585711
EURJPY,smc(2:1),S3 trend+bos,IS,13074,31.076946611595535,-0.017512003949601267
EURJPY,smc(2:1),S3 trend+bos,OOS,8971,29.506186601270763,-0.02072347347677387
EURJPY,smc(2:1),S3s trend+bos dn,IS,9617,31.496308620151815,-0.020633784348801046
EURJPY,smc(2:1),S3s trend+bos dn,OOS,2167,34.05629903091832,-0.00949398720478743
EURJPY,smc(2:1),S4 sweep->choch,IS,804,31.218905472636816,-0.01622791160794458
EURJPY,smc(2:1),S4 sweep->choch,OOS,365,33.15068493150685,-0.014320196357971493
EURJPY,smc(2:1),S4s sweep->choch dn,IS,799,30.78848560700876,-0.01959015800363363
EURJPY,smc(2:1),S4s sweep->choch dn,OOS,356,31.179775280898873,-0.021202314120076893
EURJPY,smc(2:1),S5 zone touch,IS,7868,29.728012201321807,-0.019688087726554133
EURJPY,smc(2:1),S5 zone touch,OOS,2812,34.42389758179232,-0.012081245219990096
