pattern,side,is_n,is_base,is_hit,is_lift,is_z,oos_n,oos_base,oos_hit,oos_lift,oos_z,sym
big_bar_up,UP,412,0.2727715538236727,0.3446601941747573,1.2635488904299583,3.2762264318279657,264,0.28077911692465873,0.38257575757575757,1.3625506119047088,3.6806274717816936,BTCUSDT
big_bar_up,UP,359,0.28608062806223317,0.4233983286908078,1.4799965015411771,5.7571154458751,248,0.2819672131147541,0.3548387096774194,1.2584396099024757,2.5504222318373957,ETHUSDT
sweep_low_vol,DOWN,1487,0.2893326838772528,0.34835238735709484,1.2039856081550768,5.019039209038973,1110,0.2958587993374079,0.36126126126126124,1.2210597152098426,4.7740115191029355,BTCUSDT
shooting_star_hi,UP,1933,0.28608062806223317,0.3083290222452147,1.0777696635164744,2.164441184217889,1152,0.2819672131147541,0.3420138888888889,1.2129562338501292,4.529432223114735,ETHUSDT
sweep_low_vol,DOWN,1665,0.2972694192143492,0.3237237237237237,1.0889910054632945,2.3617499961298676,1109,0.3018335522933684,0.36609558160504957,1.2129055196925935,4.661835713362532,ETHUSDT
capitulation,DOWN,611,0.2893326838772528,0.3404255319148936,1.1765885808439,2.7851513343011094,546,0.2958587993374079,0.35714285714285715,1.207139547455402,3.137413142337409,BTCUSDT
breakdown_lo_flow,DOWN,993,0.2972694192143492,0.3464249748237664,1.1653569201276404,3.3890477640481986,803,0.3018335522933684,0.36114570361145704,1.1965061566794932,3.6613243583546144,ETHUSDT
big_bar_dn,DOWN,314,0.2972694192143492,0.3535031847133758,1.1891676770777375,2.1801804735657266,189,0.3018335522933684,0.35978835978835977,1.1920091621844013,1.7356299084655293,ETHUSDT
hammer_at_low,DOWN,1161,0.2972694192143492,0.3341946597760551,1.1242147297199132,2.7527698267250167,936,0.3018335522933684,0.3482905982905983,1.1539161092073547,3.0961805023833566,ETHUSDT
big_bar_dn,DOWN,334,0.2893326838772528,0.3652694610778443,1.2624548882033912,3.0605076953825714,216,0.2958587993374079,0.33796296296296297,1.142311682869834,1.3557505737042785,BTCUSDT
capitulation,DOWN,789,0.2972694192143492,0.34220532319391633,1.15116221540153,2.761610597107881,583,0.3018335522933684,0.34476843910806176,1.1422468989562917,2.2582985482763105,ETHUSDT
taker_sell_extreme,UP,1608,0.2727715538236727,0.3003731343283582,1.1011893656716418,2.485089333552482,6486,0.28077911692465873,0.3160653715695344,1.1256726462828217,6.323834414547982,BTCUSDT
at_range_low,DOWN,3139,0.2972694192143492,0.3195285122650526,1.0748785162951904,2.7285604443722735,2349,0.3018335522933684,0.3384418901660281,1.1212865090527713,3.865078110073096,ETHUSDT
squeeze_10pct,UP,17280,0.2727715538236727,0.3052662037037037,1.1191277075066137,9.59066591814531,11211,0.28077911692465873,0.31433413611631433,1.1195068193075748,7.906169509570184,BTCUSDT
squeeze_10pct,UP,16896,0.28608062806223317,0.3210227272727273,1.1221407385993747,10.050140526498955,10448,0.2819672131147541,0.3156584992343032,1.119486537982122,7.653546553330859,ETHUSDT
squeeze_break_dn,UP,992,0.2727715538236727,0.32963709677419356,1.208473142281106,4.021333188967227,737,0.28077911692465873,0.3120759837177748,1.1114643679199046,1.8906931858108833,BTCUSDT
ny_open,DOWN,17449,0.2972694192143492,0.31537623932603587,1.0609104702378773,5.233086511321473,10944,0.3018335522933684,0.3346125730994152,1.1085996588417286,7.4700029571812125,ETHUSDT
hammer_at_low,DOWN,1142,0.2893326838772528,0.33887915936952717,1.171243963275487,3.692443843769363,863,0.2958587993374079,0.32560834298957125,1.1005531818515761,1.9147566326638215,BTCUSDT
