symbol,time,direction,entry,sl,tp,exit,result,pnl_pips,pnl_usd,lot,balance
NZDUSD,2026-01-20 13:45:00+00:00,long,0.58399,0.58375,0.58417,0.58416,C4,1.7,141.61,8.33,10141.61
NZDUSD,2026-01-21 08:15:00+00:00,long,0.58402,0.5839,0.58414,0.5839,SL,-1.2,-202.8,16.9,9938.81
NZDUSD,2026-02-03 08:15:00+00:00,long,0.60411,0.6039,0.60435,0.604,C4,-1.1,-104.17,9.47,9834.64
NZDUSD,2026-02-20 12:25:00+00:00,short,0.59531,0.5955,0.59517,0.5955,SL,-1.9,-196.65,10.35,9637.99
NZDUSD,2026-02-24 14:15:00+00:00,short,0.5949,0.59523,0.59466,0.59489,C4,0.1,5.84,5.84,9643.83
NZDUSD,2026-02-25 13:15:00+00:00,short,0.59617,0.59636,0.59602,0.59607,C4,1.0,101.5,10.15,9745.33
NZDUSD,2026-03-05 07:55:00+00:00,short,0.59149,0.59195,0.59118,0.59153,C4,-0.4,-16.96,4.24,9728.37
NZDUSD,2026-03-18 14:55:00+00:00,short,0.58213,0.58281,0.58183,0.582,C4,1.3,37.18,2.86,9765.55
NZDUSD,2026-03-26 07:55:00+00:00,short,0.57988,0.58013,0.57974,0.57988,C4,0.0,0.0,7.81,9765.55
NZDUSD,2026-04-09 07:10:00+00:00,long,0.58355,0.58343,0.58369,0.58354,C4,-0.1,-16.28,16.28,9749.27
NZDUSD,2026-05-06 07:30:00+00:00,long,0.59429,0.59374,0.59467,0.5944,C4,1.1,39.05,3.55,9788.32
NZDUSD,2026-06-10 09:55:00+00:00,short,0.58123,0.58153,0.58101,0.58129,C4,-0.6,-39.18,6.53,9749.14
GBPUSD,2026-01-28 14:55:00+00:00,long,1.37934,1.37882,1.38003,1.37882,SL,-5.2,-200.2,3.85,9799.8
GBPUSD,2026-02-05 14:05:00+00:00,short,1.35661,1.35784,1.35426,1.35639,C4,2.2,34.98,1.59,9834.78
GBPUSD,2026-02-20 09:55:00+00:00,short,1.34454,1.34488,1.34377,1.34488,SL,-3.4,-196.86,5.79,9637.92
GBPUSD,2026-02-24 09:10:00+00:00,short,1.34772,1.348,1.34722,1.348,SL,-2.8,-192.64,6.88,9445.28
GBPUSD,2026-03-03 07:40:00+00:00,short,1.33686,1.33721,1.3361,1.33658,C4,2.8,151.2,5.4,9596.48
GBPUSD,2026-03-04 14:25:00+00:00,short,1.33654,1.33706,1.33535,1.33693,C4,-3.9,-143.91,3.69,9452.57
GBPUSD,2026-03-05 07:55:00+00:00,short,1.33143,1.33234,1.33057,1.33139,C4,0.4,8.32,2.08,9460.89
GBPUSD,2026-03-06 13:40:00+00:00,short,1.33241,1.33331,1.33159,1.33275,C4,-3.4,-71.4,2.1,9389.49
GBPUSD,2026-03-17 07:50:00+00:00,short,1.32916,1.32962,1.32842,1.32869,C4,4.7,191.76,4.08,9581.25
GBPUSD,2026-03-17 07:55:00+00:00,short,1.32869,1.32916,1.32802,1.32802,TP,6.7,271.32,4.08,9852.57
GBPUSD,2026-03-17 08:00:00+00:00,short,1.32788,1.32881,1.32702,1.32739,C4,4.9,103.88,2.12,9956.45
GBPUSD,2026-03-17 08:05:00+00:00,short,1.32739,1.3279,1.32651,1.32775,C4,-3.6,-140.4,3.9,9816.05
GBPUSD,2026-03-24 09:10:00+00:00,long,1.344,1.34306,1.34541,1.34306,SL,-9.4,-196.46,2.09,9619.59
GBPUSD,2026-03-27 13:45:00+00:00,short,1.32885,1.32954,1.32813,1.32892,C4,-0.7,-19.53,2.79,9600.06
GBPUSD,2026-03-30 09:55:00+00:00,short,1.3266,1.32692,1.326,1.326,TP,6.0,363.0,6.0,9963.06
GBPUSD,2026-04-08 07:10:00+00:00,long,1.34085,1.34044,1.34136,1.34136,TP,5.0,245.43,4.86,10208.49
GBPUSD,2026-04-30 07:25:00+00:00,short,1.34631,1.34673,1.34581,1.34581,TP,5.0,243.0,4.86,10451.49
GBPUSD,2026-04-30 07:30:00+00:00,short,1.34581,1.34632,1.34526,1.34571,C4,1.0,41.0,4.1,10492.49
GBPUSD,2026-05-01 09:45:00+00:00,long,1.36106,1.35959,1.36212,1.36173,C4,6.7,95.81,1.43,10588.3
GBPUSD,2026-05-01 13:10:00+00:00,long,1.36052,1.36017,1.36114,1.36063,C4,1.1,66.55,6.05,10654.85
GBPUSD,2026-05-15 08:00:00+00:00,short,1.3361,1.33633,1.33578,1.33578,TP,3.2,296.64,9.27,10951.49
GBPUSD,2026-05-15 09:20:00+00:00,short,1.33378,1.33478,1.33276,1.33366,C4,1.2,26.28,2.19,10977.77
AUDUSD,2026-01-12 14:40:00+00:00,long,0.671,0.6708,0.67118,0.67094,C4,-0.6,-60.0,10.0,9940.0
AUDUSD,2026-01-21 14:10:00+00:00,long,0.67591,0.6755,0.6762,0.67581,C4,-1.0,-48.5,4.85,9891.5
AUDUSD,2026-01-27 14:15:00+00:00,long,0.69403,0.69377,0.69433,0.69433,TP,3.0,228.3,7.61,10119.8
AUDUSD,2026-02-03 09:30:00+00:00,long,0.70343,0.70217,0.70411,0.70411,TP,6.8,109.48,1.61,10229.28
AUDUSD,2026-02-25 14:55:00+00:00,long,0.70922,0.70895,0.70944,0.70928,C4,0.6,45.48,7.58,10274.76
AUDUSD,2026-03-05 07:55:00+00:00,short,0.70396,0.70452,0.70363,0.70399,C4,-0.3,-11.01,3.67,10263.75
AUDUSD,2026-03-19 07:40:00+00:00,short,0.70314,0.70358,0.70282,0.70358,SL,-4.4,-205.48,4.67,10058.27
AUDUSD,2026-03-19 08:30:00+00:00,short,0.70337,0.70375,0.70307,0.70351,C4,-1.4,-74.06,5.29,9984.21
AUDUSD,2026-03-23 12:20:00+00:00,short,0.69256,0.69303,0.69208,0.69235,C4,2.1,89.25,4.25,10073.46
AUDUSD,2026-03-26 13:50:00+00:00,short,0.69143,0.69183,0.69117,0.69117,TP,2.6,131.04,5.04,10204.5
AUDUSD,2026-04-02 13:10:00+00:00,short,0.68675,0.68711,0.68647,0.68666,C4,0.9,51.03,5.67,10255.53
AUDUSD,2026-04-09 07:10:00+00:00,long,0.70447,0.70435,0.70464,0.70446,C4,-0.1,-17.09,17.09,10238.44
AUDUSD,2026-04-15 08:10:00+00:00,long,0.71398,0.71367,0.71421,0.71421,TP,2.3,154.23,6.61,10392.67
AUDUSD,2026-04-15 08:15:00+00:00,long,0.71434,0.71389,0.71463,0.71402,C4,-3.2,-147.84,4.62,10244.83
AUDUSD,2026-04-16 08:35:00+00:00,long,0.71901,0.71879,0.71922,0.71879,SL,-2.2,-204.82,9.31,10040.01
AUDUSD,2026-04-17 07:20:00+00:00,long,0.71685,0.71662,0.71698,0.71689,C4,0.4,34.92,8.73,10074.93
AUDUSD,2026-05-06 07:30:00+00:00,long,0.72467,0.72402,0.72511,0.72454,C4,-1.3,-40.3,3.1,10034.63
AUDUSD,2026-05-15 14:35:00+00:00,short,0.71532,0.71574,0.715,0.71514,C4,1.8,86.04,4.78,10120.67
AUDUSD,2026-05-21 09:40:00+00:00,short,0.71103,0.71159,0.71056,0.71117,C4,-1.4,-50.54,3.61,10070.13
AUDUSD,2026-05-22 09:20:00+00:00,short,0.71338,0.71374,0.71318,0.71318,TP,2.0,111.8,5.59,10181.93
AUDUSD,2026-06-02 09:10:00+00:00,long,0.71684,0.71661,0.71708,0.71682,C4,-0.2,-17.7,8.85,10164.23
AUDUSD,2026-06-16 07:10:00+00:00,short,0.7055,0.70582,0.70526,0.70546,C4,0.4,25.4,6.35,10189.63
AUDUSD,2026-06-25 08:50:00+00:00,short,0.68936,0.68953,0.68923,0.68923,TP,1.3,159.87,11.99,10349.5
XAUUSD,2026-01-06 13:30:00+00:00,long,4460.51,4454.86,4465.525,4459.47,C4,-10400.0,-18.72,0.18,9981.28
XAUUSD,2026-01-16 07:45:00+00:00,long,4611.6,4606.65,4618.015,4612.16,C4,5600.0,11.2,0.2,9992.48
XAUUSD,2026-01-16 09:10:00+00:00,long,4610.09,4606.02,4616.14,4608.99,C4,-11000.0,-27.5,0.25,9964.98
XAUUSD,2026-01-22 09:05:00+00:00,long,4834.41,4830.62,4840.835,4833.37,C4,-10400.0,-27.04,0.26,9937.94
XAUUSD,2026-02-05 14:15:00+00:00,short,4820.45,4845.61,4798.74,4824.43,C4,-39800.0,-15.92,0.04,9922.02
XAUUSD,2026-02-11 07:35:00+00:00,long,5062.31,5057.46,5068.815,5062.43,C4,1200.0,2.4,0.2,9924.42
XAUUSD,2026-03-06 09:05:00+00:00,short,5108.41,5112.28,5102.43,5112.28,SL,-38700.0,-100.62,0.26,9823.8
XAUUSD,2026-03-18 09:50:00+00:00,short,4991.3,4996.49,4983.7,4994.97,C4,-36700.0,-69.73,0.19,9754.07
