symbol,time,entry,sl,tp1,tp2,lot,rsi,wick_ratio,ob_low,ob_high,ob_age_bars,exit,result,pnl_pips,pnl_usd,balance
EURUSD,2026-01-28 13:20:00+00:00,1.19718,1.19648,1.19788,1.19858,1.43,41.0,0.191,1.19663,1.19743,1,1.19648,SL,-7.0,-100.1,9899.9
EURUSD,2026-01-29 13:00:00+00:00,1.19443,1.19443,1.19509,1.19575,1.5,31.8,0.147,1.19389,1.19473,1,1.19443,Partial+BE,0.0,49.5,9998.9
EURUSD,2026-01-30 15:00:00+00:00,1.19235,1.19167,1.19303,1.19371,1.47,41.0,0.127,1.19178,1.19258,2,1.19167,SL,-6.8,-99.96,9898.94
EURUSD,2026-02-03 10:20:00+00:00,1.18102,1.18102,1.1817,1.18238,1.46,43.6,0.101,1.18046,1.1812,1,1.18102,Partial+BE,0.0,49.64,9998.22
EURUSD,2026-02-11 16:00:00+00:00,1.18742,1.18554,1.1893,1.19118,0.53,41.8,0.291,1.18613,1.18703,1,1.18554,SL,-18.8,-99.64,9898.58
EURUSD,2026-02-11 16:50:00+00:00,1.18598,1.18598,1.18675,1.18752,1.29,39.5,0.202,1.18541,1.1862,1,1.18598,Partial+BE,0.0,49.66,9997.91
EURUSD,2026-02-12 14:55:00+00:00,1.18728,1.18728,1.18789,1.1885,1.64,40.0,0.129,1.18677,1.18724,1,1.1885,Partial+TP2,12.2,150.06,10147.97
EURUSD,2026-02-19 15:10:00+00:00,1.17593,1.17516,1.1767,1.17747,1.32,32.3,0.147,1.17529,1.1762,1,1.17516,SL,-7.7,-101.64,10046.33
EURUSD,2026-03-02 09:20:00+00:00,1.17259,1.17155,1.17363,1.17467,0.97,28.7,0.137,1.17171,1.17276,1,1.17155,SL,-10.4,-100.88,9945.45
EURUSD,2026-03-05 16:45:00+00:00,1.15996,1.15996,1.16071,1.16146,1.33,44.6,0.105,1.15933,1.16074,2,1.15996,Partial+BE,0.0,49.87,10045.2
EURUSD,2026-03-09 16:10:00+00:00,1.15596,1.15596,1.15718,1.1584,0.82,44.1,0.344,1.15518,1.15782,1,1.1584,Partial+TP2,24.4,150.06,10195.26
EURUSD,2026-03-11 15:10:00+00:00,1.15846,1.15846,1.15909,1.15972,1.62,40.1,0.104,1.15792,1.15867,1,1.15846,Partial+BE,0.0,51.03,10297.32
EURUSD,2026-03-16 09:40:00+00:00,1.142,1.142,1.14262,1.14324,1.66,33.6,0.131,1.14148,1.14213,1,1.14324,Partial+TP2,12.4,154.38,10451.7
EURUSD,2026-03-24 15:30:00+00:00,1.15731,1.15731,1.15796,1.15861,1.61,40.3,0.128,1.15679,1.15899,5,1.15861,Partial+TP2,13.0,156.97,10608.67
EURUSD,2026-03-26 14:35:00+00:00,1.15329,1.15329,1.154,1.15471,1.49,40.3,0.107,1.15268,1.15344,1,1.15471,Partial+TP2,14.2,158.68,10767.36
EURUSD,2026-03-30 15:15:00+00:00,1.14812,1.14715,1.14909,1.15006,1.11,37.8,0.286,1.14747,1.14833,1,1.14715,SL,-9.7,-107.67,10659.69
EURUSD,2026-05-04 13:20:00+00:00,1.1695,1.1695,1.17024,1.17098,1.44,26.4,0.176,1.16891,1.16968,1,1.17098,Partial+TP2,14.8,159.84,10819.53
EURUSD,2026-05-06 16:30:00+00:00,1.17542,1.17469,1.17615,1.17688,1.48,41.9,0.257,1.1749,1.17532,1,1.17469,SL,-7.3,-108.04,10711.49
EURUSD,2026-05-12 14:05:00+00:00,1.17409,1.17409,1.17478,1.17547,1.55,40.0,0.254,1.17359,1.17409,1,1.17409,Partial+BE,0.0,53.47,10818.44
EURUSD,2026-05-14 16:40:00+00:00,1.16933,1.1685,1.17016,1.17099,1.3,41.4,0.17,1.16867,1.1693,1,1.1685,SL,-8.3,-107.9,10710.54
EURUSD,2026-05-15 10:00:00+00:00,1.1637,1.1637,1.16433,1.16496,1.7,43.0,0.129,1.16318,1.16416,2,1.1637,Partial+BE,0.0,53.55,10817.64
EURUSD,2026-05-21 13:40:00+00:00,1.16063,1.16063,1.16133,1.16203,1.55,31.5,0.139,1.16006,1.16086,1,1.16063,Partial+BE,0.0,54.25,10926.14
EURUSD,2026-06-01 16:35:00+00:00,1.16281,1.16211,1.16351,1.16421,1.56,27.9,0.198,1.16229,1.16282,1,1.16211,SL,-7.0,-109.2,10816.94
EURUSD,2026-06-05 16:00:00+00:00,1.15916,1.15836,1.15996,1.16076,1.35,18.0,0.151,1.15862,1.15958,1,1.15836,SL,-8.0,-108.0,10708.94
EURUSD,2026-06-11 15:25:00+00:00,1.15281,1.15281,1.15406,1.15531,0.86,40.4,0.228,1.15186,1.1536,1,1.15281,Partial+BE,0.0,53.75,10816.44
EURUSD,2026-06-11 16:20:00+00:00,1.15265,1.15265,1.15365,1.15465,1.08,43.7,0.422,1.1521,1.15266,1,1.15265,Partial+BE,0.0,54.0,10924.44
EURUSD,2026-06-18 14:20:00+00:00,1.14626,1.14534,1.14718,1.1481,1.19,39.2,0.133,1.14548,1.14613,1,1.14534,SL,-9.2,-109.48,10814.96
AUDUSD,2026-01-29 13:20:00+00:00,0.70366,0.70366,0.70464,0.70562,1.02,39.4,0.108,0.70281,0.70347,1,0.70562,Partial+TP2,19.6,149.94,10149.94
AUDUSD,2026-02-17 16:00:00+00:00,0.70493,0.70493,0.70574,0.70655,1.25,44.7,0.26,0.7044,0.7054,1,0.70493,Partial+BE,0.0,50.63,10251.19
AUDUSD,2026-02-19 15:10:00+00:00,0.70429,0.70429,0.7049,0.70551,1.68,41.9,0.123,0.70378,0.70418,1,0.70429,Partial+BE,0.0,51.24,10353.67
AUDUSD,2026-03-03 08:20:00+00:00,0.70856,0.70856,0.70926,0.70996,1.48,37.5,0.123,0.70797,0.70827,1,0.70856,Partial+BE,0.0,51.8,10457.27
AUDUSD,2026-03-12 16:40:00+00:00,0.70938,0.70851,0.71025,0.71112,1.2,34.3,0.206,0.70873,0.70958,1,0.70851,SL,-8.7,-104.4,10352.87
AUDUSD,2026-03-19 15:25:00+00:00,0.70148,0.70071,0.70225,0.70302,1.34,43.3,0.276,0.70097,0.70255,1,0.70071,SL,-7.7,-103.18,10249.69
AUDUSD,2026-05-21 13:40:00+00:00,0.71242,0.71242,0.71313,0.71384,1.44,39.4,0.145,0.71185,0.71264,1,0.71242,Partial+BE,0.0,51.12,10351.93
